/*
 Navicat MySQL Data Transfer

 Source Server         : 本地数据库
 Source Server Type    : MySQL
 Source Server Version : 50741
 Source Host           : localhost:3306
 Source Schema         : ksd-social-db

 Target Server Type    : MySQL
 Target Server Version : 50741
 File Encoding         : 65001

 Date: 04/06/2023 23:06:18
*/

SET NAMES utf8mb4;
SET FOREIGN_KEY_CHECKS = 0;

-- ----------------------------
-- Table structure for casbin_rule
-- ----------------------------
DROP TABLE IF EXISTS `casbin_rule`;
CREATE TABLE `casbin_rule`  (
  `id` bigint(20) UNSIGNED NOT NULL AUTO_INCREMENT,
  `ptype` varchar(100) CHARACTER SET utf8mb4 COLLATE utf8mb4_unicode_ci NULL DEFAULT NULL,
  `v0` varchar(100) CHARACTER SET utf8mb4 COLLATE utf8mb4_unicode_ci NULL DEFAULT NULL,
  `v1` varchar(100) CHARACTER SET utf8mb4 COLLATE utf8mb4_unicode_ci NULL DEFAULT NULL,
  `v2` varchar(100) CHARACTER SET utf8mb4 COLLATE utf8mb4_unicode_ci NULL DEFAULT NULL,
  `v3` varchar(100) CHARACTER SET utf8mb4 COLLATE utf8mb4_unicode_ci NULL DEFAULT NULL,
  `v4` varchar(100) CHARACTER SET utf8mb4 COLLATE utf8mb4_unicode_ci NULL DEFAULT NULL,
  `v5` varchar(100) CHARACTER SET utf8mb4 COLLATE utf8mb4_unicode_ci NULL DEFAULT NULL,
  `v6` varchar(25) CHARACTER SET utf8mb4 COLLATE utf8mb4_unicode_ci NULL DEFAULT NULL,
  `v7` varchar(25) CHARACTER SET utf8mb4 COLLATE utf8mb4_unicode_ci NULL DEFAULT NULL,
  PRIMARY KEY (`id`) USING BTREE,
  UNIQUE INDEX `idx_casbin_rule`(`ptype`, `v0`, `v1`, `v2`, `v3`, `v4`, `v5`, `v6`, `v7`) USING BTREE
) ENGINE = InnoDB AUTO_INCREMENT = 452 CHARACTER SET = utf8mb4 COLLATE = utf8mb4_unicode_ci ROW_FORMAT = Dynamic;

-- ----------------------------
-- Records of casbin_rule
-- ----------------------------
INSERT INTO `casbin_rule` VALUES (371, 'p', '888', '/api/createApi', 'POST', '', '', '', '', '');
INSERT INTO `casbin_rule` VALUES (372, 'p', '888', '/api/deleteApi', 'POST', '', '', '', '', '');
INSERT INTO `casbin_rule` VALUES (377, 'p', '888', '/api/deleteApisByIds', 'DELETE', '', '', '', '', '');
INSERT INTO `casbin_rule` VALUES (375, 'p', '888', '/api/getAllApis', 'POST', '', '', '', '', '');
INSERT INTO `casbin_rule` VALUES (376, 'p', '888', '/api/getApiById', 'POST', '', '', '', '', '');
INSERT INTO `casbin_rule` VALUES (374, 'p', '888', '/api/getApiList', 'POST', '', '', '', '', '');
INSERT INTO `casbin_rule` VALUES (373, 'p', '888', '/api/updateApi', 'POST', '', '', '', '', '');
INSERT INTO `casbin_rule` VALUES (378, 'p', '888', '/authority/copyAuthority', 'POST', '', '', '', '', '');
INSERT INTO `casbin_rule` VALUES (379, 'p', '888', '/authority/createAuthority', 'POST', '', '', '', '', '');
INSERT INTO `casbin_rule` VALUES (380, 'p', '888', '/authority/deleteAuthority', 'POST', '', '', '', '', '');
INSERT INTO `casbin_rule` VALUES (382, 'p', '888', '/authority/getAuthorityList', 'POST', '', '', '', '', '');
INSERT INTO `casbin_rule` VALUES (383, 'p', '888', '/authority/setDataAuthority', 'POST', '', '', '', '', '');
INSERT INTO `casbin_rule` VALUES (381, 'p', '888', '/authority/updateAuthority', 'PUT', '', '', '', '', '');
INSERT INTO `casbin_rule` VALUES (447, 'p', '888', '/authorityBtn/canRemoveAuthorityBtn', 'POST', '', '', '', '', '');
INSERT INTO `casbin_rule` VALUES (446, 'p', '888', '/authorityBtn/getAuthorityBtn', 'POST', '', '', '', '', '');
INSERT INTO `casbin_rule` VALUES (445, 'p', '888', '/authorityBtn/setAuthorityBtn', 'POST', '', '', '', '', '');
INSERT INTO `casbin_rule` VALUES (418, 'p', '888', '/autoCode/createPackage', 'POST', '', '', '', '', '');
INSERT INTO `casbin_rule` VALUES (416, 'p', '888', '/autoCode/createPlug', 'POST', '', '', '', '', '');
INSERT INTO `casbin_rule` VALUES (413, 'p', '888', '/autoCode/createTemp', 'POST', '', '', '', '', '');
INSERT INTO `casbin_rule` VALUES (420, 'p', '888', '/autoCode/delPackage', 'POST', '', '', '', '', '');
INSERT INTO `casbin_rule` VALUES (424, 'p', '888', '/autoCode/delSysHistory', 'POST', '', '', '', '', '');
INSERT INTO `casbin_rule` VALUES (415, 'p', '888', '/autoCode/getColumn', 'GET', '', '', '', '', '');
INSERT INTO `casbin_rule` VALUES (411, 'p', '888', '/autoCode/getDB', 'GET', '', '', '', '', '');
INSERT INTO `casbin_rule` VALUES (421, 'p', '888', '/autoCode/getMeta', 'POST', '', '', '', '', '');
INSERT INTO `casbin_rule` VALUES (419, 'p', '888', '/autoCode/getPackage', 'POST', '', '', '', '', '');
INSERT INTO `casbin_rule` VALUES (423, 'p', '888', '/autoCode/getSysHistory', 'POST', '', '', '', '', '');
INSERT INTO `casbin_rule` VALUES (412, 'p', '888', '/autoCode/getTables', 'GET', '', '', '', '', '');
INSERT INTO `casbin_rule` VALUES (417, 'p', '888', '/autoCode/installPlugin', 'POST', '', '', '', '', '');
INSERT INTO `casbin_rule` VALUES (414, 'p', '888', '/autoCode/preview', 'POST', '', '', '', '', '');
INSERT INTO `casbin_rule` VALUES (422, 'p', '888', '/autoCode/rollback', 'POST', '', '', '', '', '');
INSERT INTO `casbin_rule` VALUES (359, 'p', '888', '/base/login', 'POST', '', '', '', '', '');
INSERT INTO `casbin_rule` VALUES (385, 'p', '888', '/casbin/getPolicyPathByAuthorityId', 'POST', '', '', '', '', '');
INSERT INTO `casbin_rule` VALUES (384, 'p', '888', '/casbin/updateCasbin', 'POST', '', '', '', '', '');
INSERT INTO `casbin_rule` VALUES (449, 'p', '888', '/chatGpt/createSK', 'POST', '', '', '', '', '');
INSERT INTO `casbin_rule` VALUES (451, 'p', '888', '/chatGpt/deleteSK', 'DELETE', '', '', '', '', '');
INSERT INTO `casbin_rule` VALUES (450, 'p', '888', '/chatGpt/getSK', 'GET', '', '', '', '', '');
INSERT INTO `casbin_rule` VALUES (448, 'p', '888', '/chatGpt/getTable', 'POST', '', '', '', '', '');
INSERT INTO `casbin_rule` VALUES (408, 'p', '888', '/customer/customer', 'DELETE', '', '', '', '', '');
INSERT INTO `casbin_rule` VALUES (409, 'p', '888', '/customer/customer', 'GET', '', '', '', '', '');
INSERT INTO `casbin_rule` VALUES (407, 'p', '888', '/customer/customer', 'POST', '', '', '', '', '');
INSERT INTO `casbin_rule` VALUES (406, 'p', '888', '/customer/customer', 'PUT', '', '', '', '', '');
INSERT INTO `casbin_rule` VALUES (410, 'p', '888', '/customer/customerList', 'GET', '', '', '', '', '');
INSERT INTO `casbin_rule` VALUES (444, 'p', '888', '/email/emailSend', 'POST', '', '', '', '', '');
INSERT INTO `casbin_rule` VALUES (443, 'p', '888', '/email/emailTest', 'POST', '', '', '', '', '');
INSERT INTO `casbin_rule` VALUES (396, 'p', '888', '/fileUploadAndDownload/breakpointContinue', 'POST', '', '', '', '', '');
INSERT INTO `casbin_rule` VALUES (397, 'p', '888', '/fileUploadAndDownload/breakpointContinueFinish', 'POST', '', '', '', '', '');
INSERT INTO `casbin_rule` VALUES (400, 'p', '888', '/fileUploadAndDownload/deleteFile', 'POST', '', '', '', '', '');
INSERT INTO `casbin_rule` VALUES (401, 'p', '888', '/fileUploadAndDownload/editFileName', 'POST', '', '', '', '', '');
INSERT INTO `casbin_rule` VALUES (395, 'p', '888', '/fileUploadAndDownload/findFile', 'GET', '', '', '', '', '');
INSERT INTO `casbin_rule` VALUES (402, 'p', '888', '/fileUploadAndDownload/getFileList', 'POST', '', '', '', '', '');
INSERT INTO `casbin_rule` VALUES (398, 'p', '888', '/fileUploadAndDownload/removeChunk', 'POST', '', '', '', '', '');
INSERT INTO `casbin_rule` VALUES (399, 'p', '888', '/fileUploadAndDownload/upload', 'POST', '', '', '', '', '');
INSERT INTO `casbin_rule` VALUES (360, 'p', '888', '/jwt/jsonInBlacklist', 'POST', '', '', '', '', '');
INSERT INTO `casbin_rule` VALUES (386, 'p', '888', '/menu/addBaseMenu', 'POST', '', '', '', '', '');
INSERT INTO `casbin_rule` VALUES (394, 'p', '888', '/menu/addMenuAuthority', 'POST', '', '', '', '', '');
INSERT INTO `casbin_rule` VALUES (388, 'p', '888', '/menu/deleteBaseMenu', 'POST', '', '', '', '', '');
INSERT INTO `casbin_rule` VALUES (390, 'p', '888', '/menu/getBaseMenuById', 'POST', '', '', '', '', '');
INSERT INTO `casbin_rule` VALUES (392, 'p', '888', '/menu/getBaseMenuTree', 'POST', '', '', '', '', '');
INSERT INTO `casbin_rule` VALUES (387, 'p', '888', '/menu/getMenu', 'POST', '', '', '', '', '');
INSERT INTO `casbin_rule` VALUES (393, 'p', '888', '/menu/getMenuAuthority', 'POST', '', '', '', '', '');
INSERT INTO `casbin_rule` VALUES (391, 'p', '888', '/menu/getMenuList', 'POST', '', '', '', '', '');
INSERT INTO `casbin_rule` VALUES (389, 'p', '888', '/menu/updateBaseMenu', 'POST', '', '', '', '', '');
INSERT INTO `casbin_rule` VALUES (441, 'p', '888', '/simpleUploader/checkFileMd5', 'GET', '', '', '', '', '');
INSERT INTO `casbin_rule` VALUES (442, 'p', '888', '/simpleUploader/mergeFileMd5', 'GET', '', '', '', '', '');
INSERT INTO `casbin_rule` VALUES (440, 'p', '888', '/simpleUploader/upload', 'POST', '', '', '', '', '');
INSERT INTO `casbin_rule` VALUES (430, 'p', '888', '/sysDictionary/createSysDictionary', 'POST', '', '', '', '', '');
INSERT INTO `casbin_rule` VALUES (431, 'p', '888', '/sysDictionary/deleteSysDictionary', 'DELETE', '', '', '', '', '');
INSERT INTO `casbin_rule` VALUES (433, 'p', '888', '/sysDictionary/findSysDictionary', 'GET', '', '', '', '', '');
INSERT INTO `casbin_rule` VALUES (434, 'p', '888', '/sysDictionary/getSysDictionaryList', 'GET', '', '', '', '', '');
INSERT INTO `casbin_rule` VALUES (432, 'p', '888', '/sysDictionary/updateSysDictionary', 'PUT', '', '', '', '', '');
INSERT INTO `casbin_rule` VALUES (426, 'p', '888', '/sysDictionaryDetail/createSysDictionaryDetail', 'POST', '', '', '', '', '');
INSERT INTO `casbin_rule` VALUES (427, 'p', '888', '/sysDictionaryDetail/deleteSysDictionaryDetail', 'DELETE', '', '', '', '', '');
INSERT INTO `casbin_rule` VALUES (428, 'p', '888', '/sysDictionaryDetail/findSysDictionaryDetail', 'GET', '', '', '', '', '');
INSERT INTO `casbin_rule` VALUES (429, 'p', '888', '/sysDictionaryDetail/getSysDictionaryDetailList', 'GET', '', '', '', '', '');
INSERT INTO `casbin_rule` VALUES (425, 'p', '888', '/sysDictionaryDetail/updateSysDictionaryDetail', 'PUT', '', '', '', '', '');
INSERT INTO `casbin_rule` VALUES (435, 'p', '888', '/sysOperationRecord/createSysOperationRecord', 'POST', '', '', '', '', '');
INSERT INTO `casbin_rule` VALUES (438, 'p', '888', '/sysOperationRecord/deleteSysOperationRecord', 'DELETE', '', '', '', '', '');
INSERT INTO `casbin_rule` VALUES (439, 'p', '888', '/sysOperationRecord/deleteSysOperationRecordByIds', 'DELETE', '', '', '', '', '');
INSERT INTO `casbin_rule` VALUES (436, 'p', '888', '/sysOperationRecord/findSysOperationRecord', 'GET', '', '', '', '', '');
INSERT INTO `casbin_rule` VALUES (437, 'p', '888', '/sysOperationRecord/getSysOperationRecordList', 'GET', '', '', '', '', '');
INSERT INTO `casbin_rule` VALUES (403, 'p', '888', '/system/getServerInfo', 'POST', '', '', '', '', '');
INSERT INTO `casbin_rule` VALUES (404, 'p', '888', '/system/getSystemConfig', 'POST', '', '', '', '', '');
INSERT INTO `casbin_rule` VALUES (405, 'p', '888', '/system/setSystemConfig', 'POST', '', '', '', '', '');
INSERT INTO `casbin_rule` VALUES (362, 'p', '888', '/user/admin_register', 'POST', '', '', '', '', '');
INSERT INTO `casbin_rule` VALUES (368, 'p', '888', '/user/changePassword', 'POST', '', '', '', '', '');
INSERT INTO `casbin_rule` VALUES (361, 'p', '888', '/user/deleteUser', 'DELETE', '', '', '', '', '');
INSERT INTO `casbin_rule` VALUES (366, 'p', '888', '/user/getUserInfo', 'GET', '', '', '', '', '');
INSERT INTO `casbin_rule` VALUES (363, 'p', '888', '/user/getUserList', 'POST', '', '', '', '', '');
INSERT INTO `casbin_rule` VALUES (370, 'p', '888', '/user/resetPassword', 'POST', '', '', '', '', '');
INSERT INTO `casbin_rule` VALUES (365, 'p', '888', '/user/setSelfInfo', 'PUT', '', '', '', '', '');
INSERT INTO `casbin_rule` VALUES (367, 'p', '888', '/user/setUserAuthorities', 'POST', '', '', '', '', '');
INSERT INTO `casbin_rule` VALUES (369, 'p', '888', '/user/setUserAuthority', 'POST', '', '', '', '', '');
INSERT INTO `casbin_rule` VALUES (364, 'p', '888', '/user/setUserInfo', 'PUT', '', '', '', '', '');
INSERT INTO `casbin_rule` VALUES (96, 'p', '8881', '/api/createApi', 'POST', '', '', '', '', '');
INSERT INTO `casbin_rule` VALUES (99, 'p', '8881', '/api/deleteApi', 'POST', '', '', '', '', '');
INSERT INTO `casbin_rule` VALUES (101, 'p', '8881', '/api/getAllApis', 'POST', '', '', '', '', '');
INSERT INTO `casbin_rule` VALUES (98, 'p', '8881', '/api/getApiById', 'POST', '', '', '', '', '');
INSERT INTO `casbin_rule` VALUES (97, 'p', '8881', '/api/getApiList', 'POST', '', '', '', '', '');
INSERT INTO `casbin_rule` VALUES (100, 'p', '8881', '/api/updateApi', 'POST', '', '', '', '', '');
INSERT INTO `casbin_rule` VALUES (102, 'p', '8881', '/authority/createAuthority', 'POST', '', '', '', '', '');
INSERT INTO `casbin_rule` VALUES (103, 'p', '8881', '/authority/deleteAuthority', 'POST', '', '', '', '', '');
INSERT INTO `casbin_rule` VALUES (104, 'p', '8881', '/authority/getAuthorityList', 'POST', '', '', '', '', '');
INSERT INTO `casbin_rule` VALUES (105, 'p', '8881', '/authority/setDataAuthority', 'POST', '', '', '', '', '');
INSERT INTO `casbin_rule` VALUES (94, 'p', '8881', '/base/login', 'POST', '', '', '', '', '');
INSERT INTO `casbin_rule` VALUES (123, 'p', '8881', '/casbin/getPolicyPathByAuthorityId', 'POST', '', '', '', '', '');
INSERT INTO `casbin_rule` VALUES (122, 'p', '8881', '/casbin/updateCasbin', 'POST', '', '', '', '', '');
INSERT INTO `casbin_rule` VALUES (129, 'p', '8881', '/customer/customer', 'DELETE', '', '', '', '', '');
INSERT INTO `casbin_rule` VALUES (130, 'p', '8881', '/customer/customer', 'GET', '', '', '', '', '');
INSERT INTO `casbin_rule` VALUES (127, 'p', '8881', '/customer/customer', 'POST', '', '', '', '', '');
INSERT INTO `casbin_rule` VALUES (128, 'p', '8881', '/customer/customer', 'PUT', '', '', '', '', '');
INSERT INTO `casbin_rule` VALUES (131, 'p', '8881', '/customer/customerList', 'GET', '', '', '', '', '');
INSERT INTO `casbin_rule` VALUES (120, 'p', '8881', '/fileUploadAndDownload/deleteFile', 'POST', '', '', '', '', '');
INSERT INTO `casbin_rule` VALUES (121, 'p', '8881', '/fileUploadAndDownload/editFileName', 'POST', '', '', '', '', '');
INSERT INTO `casbin_rule` VALUES (119, 'p', '8881', '/fileUploadAndDownload/getFileList', 'POST', '', '', '', '', '');
INSERT INTO `casbin_rule` VALUES (118, 'p', '8881', '/fileUploadAndDownload/upload', 'POST', '', '', '', '', '');
INSERT INTO `casbin_rule` VALUES (124, 'p', '8881', '/jwt/jsonInBlacklist', 'POST', '', '', '', '', '');
INSERT INTO `casbin_rule` VALUES (108, 'p', '8881', '/menu/addBaseMenu', 'POST', '', '', '', '', '');
INSERT INTO `casbin_rule` VALUES (110, 'p', '8881', '/menu/addMenuAuthority', 'POST', '', '', '', '', '');
INSERT INTO `casbin_rule` VALUES (112, 'p', '8881', '/menu/deleteBaseMenu', 'POST', '', '', '', '', '');
INSERT INTO `casbin_rule` VALUES (114, 'p', '8881', '/menu/getBaseMenuById', 'POST', '', '', '', '', '');
INSERT INTO `casbin_rule` VALUES (109, 'p', '8881', '/menu/getBaseMenuTree', 'POST', '', '', '', '', '');
INSERT INTO `casbin_rule` VALUES (106, 'p', '8881', '/menu/getMenu', 'POST', '', '', '', '', '');
INSERT INTO `casbin_rule` VALUES (111, 'p', '8881', '/menu/getMenuAuthority', 'POST', '', '', '', '', '');
INSERT INTO `casbin_rule` VALUES (107, 'p', '8881', '/menu/getMenuList', 'POST', '', '', '', '', '');
INSERT INTO `casbin_rule` VALUES (113, 'p', '8881', '/menu/updateBaseMenu', 'POST', '', '', '', '', '');
INSERT INTO `casbin_rule` VALUES (125, 'p', '8881', '/system/getSystemConfig', 'POST', '', '', '', '', '');
INSERT INTO `casbin_rule` VALUES (126, 'p', '8881', '/system/setSystemConfig', 'POST', '', '', '', '', '');
INSERT INTO `casbin_rule` VALUES (95, 'p', '8881', '/user/admin_register', 'POST', '', '', '', '', '');
INSERT INTO `casbin_rule` VALUES (115, 'p', '8881', '/user/changePassword', 'POST', '', '', '', '', '');
INSERT INTO `casbin_rule` VALUES (132, 'p', '8881', '/user/getUserInfo', 'GET', '', '', '', '', '');
INSERT INTO `casbin_rule` VALUES (116, 'p', '8881', '/user/getUserList', 'POST', '', '', '', '', '');
INSERT INTO `casbin_rule` VALUES (117, 'p', '8881', '/user/setUserAuthority', 'POST', '', '', '', '', '');
INSERT INTO `casbin_rule` VALUES (135, 'p', '9528', '/api/createApi', 'POST', '', '', '', '', '');
INSERT INTO `casbin_rule` VALUES (138, 'p', '9528', '/api/deleteApi', 'POST', '', '', '', '', '');
INSERT INTO `casbin_rule` VALUES (140, 'p', '9528', '/api/getAllApis', 'POST', '', '', '', '', '');
INSERT INTO `casbin_rule` VALUES (137, 'p', '9528', '/api/getApiById', 'POST', '', '', '', '', '');
INSERT INTO `casbin_rule` VALUES (136, 'p', '9528', '/api/getApiList', 'POST', '', '', '', '', '');
INSERT INTO `casbin_rule` VALUES (139, 'p', '9528', '/api/updateApi', 'POST', '', '', '', '', '');
INSERT INTO `casbin_rule` VALUES (141, 'p', '9528', '/authority/createAuthority', 'POST', '', '', '', '', '');
INSERT INTO `casbin_rule` VALUES (142, 'p', '9528', '/authority/deleteAuthority', 'POST', '', '', '', '', '');
INSERT INTO `casbin_rule` VALUES (143, 'p', '9528', '/authority/getAuthorityList', 'POST', '', '', '', '', '');
INSERT INTO `casbin_rule` VALUES (144, 'p', '9528', '/authority/setDataAuthority', 'POST', '', '', '', '', '');
INSERT INTO `casbin_rule` VALUES (171, 'p', '9528', '/autoCode/createTemp', 'POST', '', '', '', '', '');
INSERT INTO `casbin_rule` VALUES (133, 'p', '9528', '/base/login', 'POST', '', '', '', '', '');
INSERT INTO `casbin_rule` VALUES (162, 'p', '9528', '/casbin/getPolicyPathByAuthorityId', 'POST', '', '', '', '', '');
INSERT INTO `casbin_rule` VALUES (161, 'p', '9528', '/casbin/updateCasbin', 'POST', '', '', '', '', '');
INSERT INTO `casbin_rule` VALUES (169, 'p', '9528', '/customer/customer', 'DELETE', '', '', '', '', '');
INSERT INTO `casbin_rule` VALUES (167, 'p', '9528', '/customer/customer', 'GET', '', '', '', '', '');
INSERT INTO `casbin_rule` VALUES (168, 'p', '9528', '/customer/customer', 'POST', '', '', '', '', '');
INSERT INTO `casbin_rule` VALUES (166, 'p', '9528', '/customer/customer', 'PUT', '', '', '', '', '');
INSERT INTO `casbin_rule` VALUES (170, 'p', '9528', '/customer/customerList', 'GET', '', '', '', '', '');
INSERT INTO `casbin_rule` VALUES (159, 'p', '9528', '/fileUploadAndDownload/deleteFile', 'POST', '', '', '', '', '');
INSERT INTO `casbin_rule` VALUES (160, 'p', '9528', '/fileUploadAndDownload/editFileName', 'POST', '', '', '', '', '');
INSERT INTO `casbin_rule` VALUES (158, 'p', '9528', '/fileUploadAndDownload/getFileList', 'POST', '', '', '', '', '');
INSERT INTO `casbin_rule` VALUES (157, 'p', '9528', '/fileUploadAndDownload/upload', 'POST', '', '', '', '', '');
INSERT INTO `casbin_rule` VALUES (163, 'p', '9528', '/jwt/jsonInBlacklist', 'POST', '', '', '', '', '');
INSERT INTO `casbin_rule` VALUES (147, 'p', '9528', '/menu/addBaseMenu', 'POST', '', '', '', '', '');
INSERT INTO `casbin_rule` VALUES (149, 'p', '9528', '/menu/addMenuAuthority', 'POST', '', '', '', '', '');
INSERT INTO `casbin_rule` VALUES (151, 'p', '9528', '/menu/deleteBaseMenu', 'POST', '', '', '', '', '');
INSERT INTO `casbin_rule` VALUES (153, 'p', '9528', '/menu/getBaseMenuById', 'POST', '', '', '', '', '');
INSERT INTO `casbin_rule` VALUES (148, 'p', '9528', '/menu/getBaseMenuTree', 'POST', '', '', '', '', '');
INSERT INTO `casbin_rule` VALUES (145, 'p', '9528', '/menu/getMenu', 'POST', '', '', '', '', '');
INSERT INTO `casbin_rule` VALUES (150, 'p', '9528', '/menu/getMenuAuthority', 'POST', '', '', '', '', '');
INSERT INTO `casbin_rule` VALUES (146, 'p', '9528', '/menu/getMenuList', 'POST', '', '', '', '', '');
INSERT INTO `casbin_rule` VALUES (152, 'p', '9528', '/menu/updateBaseMenu', 'POST', '', '', '', '', '');
INSERT INTO `casbin_rule` VALUES (164, 'p', '9528', '/system/getSystemConfig', 'POST', '', '', '', '', '');
INSERT INTO `casbin_rule` VALUES (165, 'p', '9528', '/system/setSystemConfig', 'POST', '', '', '', '', '');
INSERT INTO `casbin_rule` VALUES (134, 'p', '9528', '/user/admin_register', 'POST', '', '', '', '', '');
INSERT INTO `casbin_rule` VALUES (154, 'p', '9528', '/user/changePassword', 'POST', '', '', '', '', '');
INSERT INTO `casbin_rule` VALUES (172, 'p', '9528', '/user/getUserInfo', 'GET', '', '', '', '', '');
INSERT INTO `casbin_rule` VALUES (155, 'p', '9528', '/user/getUserList', 'POST', '', '', '', '', '');
INSERT INTO `casbin_rule` VALUES (156, 'p', '9528', '/user/setUserAuthority', 'POST', '', '', '', '', '');

-- ----------------------------
-- Table structure for exa_customers
-- ----------------------------
DROP TABLE IF EXISTS `exa_customers`;
CREATE TABLE `exa_customers`  (
  `id` bigint(20) UNSIGNED NOT NULL AUTO_INCREMENT COMMENT '主键ID',
  `created_at` datetime(0) NULL DEFAULT NULL COMMENT '创建时间',
  `updated_at` datetime(0) NULL DEFAULT NULL COMMENT '更新时间',
  `deleted_at` datetime(3) NULL DEFAULT NULL COMMENT '删除时间',
  `customer_name` varchar(191) CHARACTER SET utf8mb4 COLLATE utf8mb4_unicode_ci NULL DEFAULT NULL COMMENT '客户名',
  `customer_phone_data` varchar(191) CHARACTER SET utf8mb4 COLLATE utf8mb4_unicode_ci NULL DEFAULT NULL COMMENT '客户手机号',
  `sys_user_id` bigint(20) UNSIGNED NULL DEFAULT NULL COMMENT '管理ID',
  `sys_user_authority_id` bigint(20) UNSIGNED NULL DEFAULT NULL COMMENT '管理角色ID',
  PRIMARY KEY (`id`) USING BTREE,
  INDEX `idx_exa_customers_deleted_at`(`deleted_at`) USING BTREE
) ENGINE = InnoDB AUTO_INCREMENT = 1 CHARACTER SET = utf8mb4 COLLATE = utf8mb4_unicode_ci ROW_FORMAT = Dynamic;

-- ----------------------------
-- Records of exa_customers
-- ----------------------------

-- ----------------------------
-- Table structure for exa_file_chunks
-- ----------------------------
DROP TABLE IF EXISTS `exa_file_chunks`;
CREATE TABLE `exa_file_chunks`  (
  `id` bigint(20) UNSIGNED NOT NULL AUTO_INCREMENT COMMENT '主键ID',
  `created_at` datetime(0) NULL DEFAULT NULL COMMENT '创建时间',
  `updated_at` datetime(0) NULL DEFAULT NULL COMMENT '更新时间',
  `deleted_at` datetime(3) NULL DEFAULT NULL COMMENT '删除时间',
  `exa_file_id` bigint(20) UNSIGNED NULL DEFAULT NULL,
  `file_chunk_number` bigint(20) NULL DEFAULT NULL,
  `file_chunk_path` varchar(191) CHARACTER SET utf8mb4 COLLATE utf8mb4_unicode_ci NULL DEFAULT NULL,
  PRIMARY KEY (`id`) USING BTREE,
  INDEX `idx_exa_file_chunks_deleted_at`(`deleted_at`) USING BTREE
) ENGINE = InnoDB AUTO_INCREMENT = 1 CHARACTER SET = utf8mb4 COLLATE = utf8mb4_unicode_ci ROW_FORMAT = Dynamic;

-- ----------------------------
-- Records of exa_file_chunks
-- ----------------------------

-- ----------------------------
-- Table structure for exa_file_upload_and_downloads
-- ----------------------------
DROP TABLE IF EXISTS `exa_file_upload_and_downloads`;
CREATE TABLE `exa_file_upload_and_downloads`  (
  `id` bigint(20) UNSIGNED NOT NULL AUTO_INCREMENT COMMENT '主键ID',
  `created_at` datetime(0) NULL DEFAULT NULL COMMENT '创建时间',
  `updated_at` datetime(0) NULL DEFAULT NULL COMMENT '更新时间',
  `deleted_at` datetime(3) NULL DEFAULT NULL COMMENT '删除时间',
  `name` varchar(191) CHARACTER SET utf8mb4 COLLATE utf8mb4_unicode_ci NULL DEFAULT NULL COMMENT '文件名',
  `url` varchar(191) CHARACTER SET utf8mb4 COLLATE utf8mb4_unicode_ci NULL DEFAULT NULL COMMENT '文件地址',
  `tag` varchar(191) CHARACTER SET utf8mb4 COLLATE utf8mb4_unicode_ci NULL DEFAULT NULL COMMENT '文件标签',
  `key` varchar(191) CHARACTER SET utf8mb4 COLLATE utf8mb4_unicode_ci NULL DEFAULT NULL COMMENT '编号',
  PRIMARY KEY (`id`) USING BTREE,
  INDEX `idx_exa_file_upload_and_downloads_deleted_at`(`deleted_at`) USING BTREE
) ENGINE = InnoDB AUTO_INCREMENT = 3 CHARACTER SET = utf8mb4 COLLATE = utf8mb4_unicode_ci ROW_FORMAT = Dynamic;

-- ----------------------------
-- Records of exa_file_upload_and_downloads
-- ----------------------------
INSERT INTO `exa_file_upload_and_downloads` VALUES (1, '2023-05-29 08:20:03', '2023-05-29 08:20:03', NULL, '10.png', 'https://qmplusimg.henrongyi.top/gvalogo.png', 'png', '158787308910.png');
INSERT INTO `exa_file_upload_and_downloads` VALUES (2, '2023-05-29 08:20:03', '2023-05-29 08:20:03', NULL, 'logo.png', 'https://qmplusimg.henrongyi.top/1576554439myAvatar.png', 'png', '1587973709logo.png');

-- ----------------------------
-- Table structure for exa_files
-- ----------------------------
DROP TABLE IF EXISTS `exa_files`;
CREATE TABLE `exa_files`  (
  `id` bigint(20) UNSIGNED NOT NULL AUTO_INCREMENT COMMENT '主键ID',
  `created_at` datetime(0) NULL DEFAULT NULL COMMENT '创建时间',
  `updated_at` datetime(0) NULL DEFAULT NULL COMMENT '更新时间',
  `deleted_at` datetime(3) NULL DEFAULT NULL COMMENT '删除时间',
  `file_name` varchar(191) CHARACTER SET utf8mb4 COLLATE utf8mb4_unicode_ci NULL DEFAULT NULL,
  `file_md5` varchar(191) CHARACTER SET utf8mb4 COLLATE utf8mb4_unicode_ci NULL DEFAULT NULL,
  `file_path` varchar(191) CHARACTER SET utf8mb4 COLLATE utf8mb4_unicode_ci NULL DEFAULT NULL,
  `chunk_total` bigint(20) NULL DEFAULT NULL,
  `is_finish` tinyint(1) NULL DEFAULT NULL,
  PRIMARY KEY (`id`) USING BTREE,
  INDEX `idx_exa_files_deleted_at`(`deleted_at`) USING BTREE
) ENGINE = InnoDB AUTO_INCREMENT = 1 CHARACTER SET = utf8mb4 COLLATE = utf8mb4_unicode_ci ROW_FORMAT = Dynamic;

-- ----------------------------
-- Records of exa_files
-- ----------------------------

-- ----------------------------
-- Table structure for jwt_blacklists
-- ----------------------------
DROP TABLE IF EXISTS `jwt_blacklists`;
CREATE TABLE `jwt_blacklists`  (
  `id` bigint(20) UNSIGNED NOT NULL AUTO_INCREMENT COMMENT '主键ID',
  `created_at` datetime(0) NULL DEFAULT NULL COMMENT '创建时间',
  `updated_at` datetime(0) NULL DEFAULT NULL COMMENT '更新时间',
  `deleted_at` datetime(3) NULL DEFAULT NULL COMMENT '删除时间',
  `jwt` text CHARACTER SET utf8mb4 COLLATE utf8mb4_unicode_ci NULL COMMENT 'jwt',
  PRIMARY KEY (`id`) USING BTREE,
  INDEX `idx_jwt_blacklists_deleted_at`(`deleted_at`) USING BTREE
) ENGINE = InnoDB AUTO_INCREMENT = 8 CHARACTER SET = utf8mb4 COLLATE = utf8mb4_unicode_ci ROW_FORMAT = Dynamic;

-- ----------------------------
-- Records of jwt_blacklists
-- ----------------------------
INSERT INTO `jwt_blacklists` VALUES (1, '2023-05-29 08:22:54', '2023-05-29 08:22:54', NULL, 'eyJhbGciOiJIUzI1NiIsInR5cCI6IkpXVCJ9.eyJVVUlEIjoiNDUwYmEzN2EtYTFmOC00YTZkLTkzYjgtM2EzYTI3NWU0ZGVmIiwiSUQiOjEsIlVzZXJuYW1lIjoiYWRtaW4iLCJOaWNrTmFtZSI6Ik1yLuWlh-a3vCIsIkF1dGhvcml0eUlkIjo4ODgsIkJ1ZmZlclRpbWUiOjg2NDAwLCJpc3MiOiJxbVBsdXMiLCJhdWQiOlsiR1ZBIl0sImV4cCI6MTY4NTkyNDQwOSwibmJmIjoxNjg1MzE5NjA5fQ.8hAm_vFW476hgxWdAB-UclLYnAL5QL3l3br-JwaP5tA');
INSERT INTO `jwt_blacklists` VALUES (2, '2023-05-29 08:24:09', '2023-05-29 08:24:09', NULL, 'eyJhbGciOiJIUzI1NiIsInR5cCI6IkpXVCJ9.eyJVVUlEIjoiNDUwYmEzN2EtYTFmOC00YTZkLTkzYjgtM2EzYTI3NWU0ZGVmIiwiSUQiOjEsIlVzZXJuYW1lIjoiYWRtaW4iLCJOaWNrTmFtZSI6Ik1yLuWlh-a3vCIsIkF1dGhvcml0eUlkIjo4ODgsIkJ1ZmZlclRpbWUiOjg2NDAwLCJpc3MiOiJxbVBsdXMiLCJhdWQiOlsiR1ZBIl0sImV4cCI6MTY4NTkyNDU4MSwibmJmIjoxNjg1MzE5NzgxfQ.5telXhgZrbvThzYIF0VJiPqJCieHuWi7a7oKLbGopv0');
INSERT INTO `jwt_blacklists` VALUES (3, '2023-05-29 08:37:10', '2023-05-29 08:37:10', NULL, 'eyJhbGciOiJIUzI1NiIsInR5cCI6IkpXVCJ9.eyJVVUlEIjoiNDUwYmEzN2EtYTFmOC00YTZkLTkzYjgtM2EzYTI3NWU0ZGVmIiwiSUQiOjEsIlVzZXJuYW1lIjoiYWRtaW4iLCJOaWNrTmFtZSI6Ik1yLuWlh-a3vCIsIkF1dGhvcml0eUlkIjo4ODgsIkJ1ZmZlclRpbWUiOjg2NDAwLCJpc3MiOiJxbVBsdXMiLCJhdWQiOlsiR1ZBIl0sImV4cCI6MTY4NTkyNDk2NSwibmJmIjoxNjg1MzIwMTY1fQ.nZw8TcG-P8p86TlUXoM3G-o9OwmJdExIcxro2pWxrA0');
INSERT INTO `jwt_blacklists` VALUES (4, '2023-05-30 21:17:43', '2023-05-30 21:17:43', NULL, 'eyJhbGciOiJIUzI1NiIsInR5cCI6IkpXVCJ9.eyJVVUlEIjoiNDUwYmEzN2EtYTFmOC00YTZkLTkzYjgtM2EzYTI3NWU0ZGVmIiwiSUQiOjEsIlVzZXJuYW1lIjoiYWRtaW4iLCJOaWNrTmFtZSI6Ik1yLuWlh-a3vCIsIkF1dGhvcml0eUlkIjo4ODgsIkJ1ZmZlclRpbWUiOjg2NDAwLCJpc3MiOiJxbVBsdXMiLCJhdWQiOlsiR1ZBIl0sImV4cCI6MTY4NTkyNTQzNiwibmJmIjoxNjg1MzIwNjM2fQ.4fbYf1mNquR2L5FWqgOuKd01kckoBVXekgrQSVmtYcA');
INSERT INTO `jwt_blacklists` VALUES (5, '2023-06-01 19:50:51', '2023-06-01 19:50:51', NULL, 'eyJhbGciOiJIUzI1NiIsInR5cCI6IkpXVCJ9.eyJVVUlEIjoiMjJhZTllYzMtNjdiZi00OWQ4LWIwMzAtYzhiZWZkZTBkYWI2IiwiSUQiOjEsIlVzZXJuYW1lIjoiYWRtaW4iLCJOaWNrTmFtZSI6Ik1yLuWlh-a3vCIsIkF1dGhvcml0eUlkIjo4ODgsIkJ1ZmZlclRpbWUiOjg2NDAwLCJpc3MiOiJxbVBsdXMiLCJhdWQiOlsiR1ZBIl0sImV4cCI6MTY4NjIyNDk0NCwibmJmIjoxNjg1NjIwMTQ0fQ.TbGJIZ4O_c_Cmg7EMhxKyMAZ7z0ikEiptAZEMbqKALg');
INSERT INTO `jwt_blacklists` VALUES (6, '2023-06-03 20:49:33', '2023-06-03 20:49:33', NULL, 'eyJhbGciOiJIUzI1NiIsInR5cCI6IkpXVCJ9.eyJVVUlEIjoiNDUwYmEzN2EtYTFmOC00YTZkLTkzYjgtM2EzYTI3NWU0ZGVmIiwiSUQiOjEsIlVzZXJuYW1lIjoiYWRtaW4iLCJOaWNrTmFtZSI6Ik1yLuWlh-a3vCIsIkF1dGhvcml0eUlkIjo4ODgsIkJ1ZmZlclRpbWUiOjg2NDAwLCJpc3MiOiJxbVBsdXMiLCJhdWQiOlsiR1ZBIl0sImV4cCI6MTY4NjIzNDA3NSwibmJmIjoxNjg1NjI5Mjc1fQ.ajYZsUAGGSZ308hx2syYWk92tpv5EHLPUNSs5nOd1ug');
INSERT INTO `jwt_blacklists` VALUES (7, '2023-06-04 21:54:48', '2023-06-04 21:54:48', NULL, 'eyJhbGciOiJIUzI1NiIsInR5cCI6IkpXVCJ9.eyJVVUlEIjoiNDUwYmEzN2EtYTFmOC00YTZkLTkzYjgtM2EzYTI3NWU0ZGVmIiwiSUQiOjEsIlVzZXJuYW1lIjoiYWRtaW4iLCJOaWNrTmFtZSI6Ik1yLuWlh-a3vCIsIkF1dGhvcml0eUlkIjo4ODgsIkJ1ZmZlclRpbWUiOjg2NDAwLCJpc3MiOiJxbVBsdXMiLCJhdWQiOlsiR1ZBIl0sImV4cCI6MTY4NjQwNDY4MCwibmJmIjoxNjg1Nzk5ODgwfQ._cStxdxIe65XUYM7g91fy-YEWKGyG1TD5sw43xl2RmI');

-- ----------------------------
-- Table structure for sys_apis
-- ----------------------------
DROP TABLE IF EXISTS `sys_apis`;
CREATE TABLE `sys_apis`  (
  `id` bigint(20) UNSIGNED NOT NULL AUTO_INCREMENT COMMENT '主键ID',
  `created_at` datetime(0) NULL DEFAULT NULL COMMENT '创建时间',
  `updated_at` datetime(0) NULL DEFAULT NULL COMMENT '更新时间',
  `deleted_at` datetime(3) NULL DEFAULT NULL COMMENT '删除时间',
  `path` varchar(191) CHARACTER SET utf8mb4 COLLATE utf8mb4_unicode_ci NULL DEFAULT NULL COMMENT 'api路径',
  `description` varchar(191) CHARACTER SET utf8mb4 COLLATE utf8mb4_unicode_ci NULL DEFAULT NULL COMMENT 'api中文描述',
  `api_group` varchar(191) CHARACTER SET utf8mb4 COLLATE utf8mb4_unicode_ci NULL DEFAULT NULL COMMENT 'api组',
  `method` varchar(191) CHARACTER SET utf8mb4 COLLATE utf8mb4_unicode_ci NULL DEFAULT 'POST' COMMENT '方法',
  PRIMARY KEY (`id`) USING BTREE,
  INDEX `idx_sys_apis_deleted_at`(`deleted_at`) USING BTREE
) ENGINE = InnoDB AUTO_INCREMENT = 94 CHARACTER SET = utf8mb4 COLLATE = utf8mb4_unicode_ci ROW_FORMAT = Dynamic;

-- ----------------------------
-- Records of sys_apis
-- ----------------------------
INSERT INTO `sys_apis` VALUES (1, '2023-05-29 08:20:02', '2023-05-29 08:20:02', NULL, '/base/login', '用户登录(必选)', 'base', 'POST');
INSERT INTO `sys_apis` VALUES (2, '2023-05-29 08:20:02', '2023-05-29 08:20:02', NULL, '/jwt/jsonInBlacklist', 'jwt加入黑名单(退出，必选)', 'jwt', 'POST');
INSERT INTO `sys_apis` VALUES (3, '2023-05-29 08:20:02', '2023-05-29 08:20:02', NULL, '/user/deleteUser', '删除用户', '系统用户', 'DELETE');
INSERT INTO `sys_apis` VALUES (4, '2023-05-29 08:20:02', '2023-05-29 08:20:02', NULL, '/user/admin_register', '用户注册', '系统用户', 'POST');
INSERT INTO `sys_apis` VALUES (5, '2023-05-29 08:20:02', '2023-05-29 08:20:02', NULL, '/user/getUserList', '获取用户列表', '系统用户', 'POST');
INSERT INTO `sys_apis` VALUES (6, '2023-05-29 08:20:02', '2023-05-29 08:20:02', NULL, '/user/setUserInfo', '设置用户信息', '系统用户', 'PUT');
INSERT INTO `sys_apis` VALUES (7, '2023-05-29 08:20:02', '2023-05-29 08:20:02', NULL, '/user/setSelfInfo', '设置自身信息(必选)', '系统用户', 'PUT');
INSERT INTO `sys_apis` VALUES (8, '2023-05-29 08:20:02', '2023-05-29 08:20:02', NULL, '/user/getUserInfo', '获取自身信息(必选)', '系统用户', 'GET');
INSERT INTO `sys_apis` VALUES (9, '2023-05-29 08:20:02', '2023-05-29 08:20:02', NULL, '/user/setUserAuthorities', '设置权限组', '系统用户', 'POST');
INSERT INTO `sys_apis` VALUES (10, '2023-05-29 08:20:02', '2023-05-29 08:20:02', NULL, '/user/changePassword', '修改密码（建议选择)', '系统用户', 'POST');
INSERT INTO `sys_apis` VALUES (11, '2023-05-29 08:20:02', '2023-05-29 08:20:02', NULL, '/user/setUserAuthority', '修改用户角色(必选)', '系统用户', 'POST');
INSERT INTO `sys_apis` VALUES (12, '2023-05-29 08:20:02', '2023-05-29 08:20:02', NULL, '/user/resetPassword', '重置用户密码', '系统用户', 'POST');
INSERT INTO `sys_apis` VALUES (13, '2023-05-29 08:20:02', '2023-05-29 08:20:02', NULL, '/api/createApi', '创建api', 'api', 'POST');
INSERT INTO `sys_apis` VALUES (14, '2023-05-29 08:20:02', '2023-05-29 08:20:02', NULL, '/api/deleteApi', '删除Api', 'api', 'POST');
INSERT INTO `sys_apis` VALUES (15, '2023-05-29 08:20:02', '2023-05-29 08:20:02', NULL, '/api/updateApi', '更新Api', 'api', 'POST');
INSERT INTO `sys_apis` VALUES (16, '2023-05-29 08:20:02', '2023-05-29 08:20:02', NULL, '/api/getApiList', '获取api列表', 'api', 'POST');
INSERT INTO `sys_apis` VALUES (17, '2023-05-29 08:20:02', '2023-05-29 08:20:02', NULL, '/api/getAllApis', '获取所有api', 'api', 'POST');
INSERT INTO `sys_apis` VALUES (18, '2023-05-29 08:20:02', '2023-05-29 08:20:02', NULL, '/api/getApiById', '获取api详细信息', 'api', 'POST');
INSERT INTO `sys_apis` VALUES (19, '2023-05-29 08:20:02', '2023-05-29 08:20:02', NULL, '/api/deleteApisByIds', '批量删除api', 'api', 'DELETE');
INSERT INTO `sys_apis` VALUES (20, '2023-05-29 08:20:02', '2023-05-29 08:20:02', NULL, '/authority/copyAuthority', '拷贝角色', '角色', 'POST');
INSERT INTO `sys_apis` VALUES (21, '2023-05-29 08:20:02', '2023-05-29 08:20:02', NULL, '/authority/createAuthority', '创建角色', '角色', 'POST');
INSERT INTO `sys_apis` VALUES (22, '2023-05-29 08:20:02', '2023-05-29 08:20:02', NULL, '/authority/deleteAuthority', '删除角色', '角色', 'POST');
INSERT INTO `sys_apis` VALUES (23, '2023-05-29 08:20:02', '2023-05-29 08:20:02', NULL, '/authority/updateAuthority', '更新角色信息', '角色', 'PUT');
INSERT INTO `sys_apis` VALUES (24, '2023-05-29 08:20:02', '2023-05-29 08:20:02', NULL, '/authority/getAuthorityList', '获取角色列表', '角色', 'POST');
INSERT INTO `sys_apis` VALUES (25, '2023-05-29 08:20:02', '2023-05-29 08:20:02', NULL, '/authority/setDataAuthority', '设置角色资源权限', '角色', 'POST');
INSERT INTO `sys_apis` VALUES (26, '2023-05-29 08:20:02', '2023-05-29 08:20:02', NULL, '/casbin/updateCasbin', '更改角色api权限', 'casbin', 'POST');
INSERT INTO `sys_apis` VALUES (27, '2023-05-29 08:20:02', '2023-05-29 08:20:02', NULL, '/casbin/getPolicyPathByAuthorityId', '获取权限列表', 'casbin', 'POST');
INSERT INTO `sys_apis` VALUES (28, '2023-05-29 08:20:02', '2023-05-29 08:20:02', NULL, '/menu/addBaseMenu', '新增菜单', '菜单', 'POST');
INSERT INTO `sys_apis` VALUES (29, '2023-05-29 08:20:02', '2023-05-29 08:20:02', NULL, '/menu/getMenu', '获取菜单树(必选)', '菜单', 'POST');
INSERT INTO `sys_apis` VALUES (30, '2023-05-29 08:20:02', '2023-05-29 08:20:02', NULL, '/menu/deleteBaseMenu', '删除菜单', '菜单', 'POST');
INSERT INTO `sys_apis` VALUES (31, '2023-05-29 08:20:02', '2023-05-29 08:20:02', NULL, '/menu/updateBaseMenu', '更新菜单', '菜单', 'POST');
INSERT INTO `sys_apis` VALUES (32, '2023-05-29 08:20:02', '2023-05-29 08:20:02', NULL, '/menu/getBaseMenuById', '根据id获取菜单', '菜单', 'POST');
INSERT INTO `sys_apis` VALUES (33, '2023-05-29 08:20:02', '2023-05-29 08:20:02', NULL, '/menu/getMenuList', '分页获取基础menu列表', '菜单', 'POST');
INSERT INTO `sys_apis` VALUES (34, '2023-05-29 08:20:02', '2023-05-29 08:20:02', NULL, '/menu/getBaseMenuTree', '获取用户动态路由', '菜单', 'POST');
INSERT INTO `sys_apis` VALUES (35, '2023-05-29 08:20:02', '2023-05-29 08:20:02', NULL, '/menu/getMenuAuthority', '获取指定角色menu', '菜单', 'POST');
INSERT INTO `sys_apis` VALUES (36, '2023-05-29 08:20:02', '2023-05-29 08:20:02', NULL, '/menu/addMenuAuthority', '增加menu和角色关联关系', '菜单', 'POST');
INSERT INTO `sys_apis` VALUES (37, '2023-05-29 08:20:02', '2023-05-29 08:20:02', NULL, '/fileUploadAndDownload/findFile', '寻找目标文件（秒传）', '分片上传', 'GET');
INSERT INTO `sys_apis` VALUES (38, '2023-05-29 08:20:02', '2023-05-29 08:20:02', NULL, '/fileUploadAndDownload/breakpointContinue', '断点续传', '分片上传', 'POST');
INSERT INTO `sys_apis` VALUES (39, '2023-05-29 08:20:02', '2023-05-29 08:20:02', NULL, '/fileUploadAndDownload/breakpointContinueFinish', '断点续传完成', '分片上传', 'POST');
INSERT INTO `sys_apis` VALUES (40, '2023-05-29 08:20:02', '2023-05-29 08:20:02', NULL, '/fileUploadAndDownload/removeChunk', '上传完成移除文件', '分片上传', 'POST');
INSERT INTO `sys_apis` VALUES (41, '2023-05-29 08:20:02', '2023-05-29 08:20:02', NULL, '/fileUploadAndDownload/upload', '文件上传示例', '文件上传与下载', 'POST');
INSERT INTO `sys_apis` VALUES (42, '2023-05-29 08:20:02', '2023-05-29 08:20:02', NULL, '/fileUploadAndDownload/deleteFile', '删除文件', '文件上传与下载', 'POST');
INSERT INTO `sys_apis` VALUES (43, '2023-05-29 08:20:02', '2023-05-29 08:20:02', NULL, '/fileUploadAndDownload/editFileName', '文件名或者备注编辑', '文件上传与下载', 'POST');
INSERT INTO `sys_apis` VALUES (44, '2023-05-29 08:20:02', '2023-05-29 08:20:02', NULL, '/fileUploadAndDownload/getFileList', '获取上传文件列表', '文件上传与下载', 'POST');
INSERT INTO `sys_apis` VALUES (45, '2023-05-29 08:20:02', '2023-05-29 08:20:02', NULL, '/system/getServerInfo', '获取服务器信息', '系统服务', 'POST');
INSERT INTO `sys_apis` VALUES (46, '2023-05-29 08:20:02', '2023-05-29 08:20:02', NULL, '/system/getSystemConfig', '获取配置文件内容', '系统服务', 'POST');
INSERT INTO `sys_apis` VALUES (47, '2023-05-29 08:20:02', '2023-05-29 08:20:02', NULL, '/system/setSystemConfig', '设置配置文件内容', '系统服务', 'POST');
INSERT INTO `sys_apis` VALUES (48, '2023-05-29 08:20:02', '2023-05-29 08:20:02', NULL, '/customer/customer', '更新客户', '客户', 'PUT');
INSERT INTO `sys_apis` VALUES (49, '2023-05-29 08:20:02', '2023-05-29 08:20:02', NULL, '/customer/customer', '创建客户', '客户', 'POST');
INSERT INTO `sys_apis` VALUES (50, '2023-05-29 08:20:02', '2023-05-29 08:20:02', NULL, '/customer/customer', '删除客户', '客户', 'DELETE');
INSERT INTO `sys_apis` VALUES (51, '2023-05-29 08:20:02', '2023-05-29 08:20:02', NULL, '/customer/customer', '获取单一客户', '客户', 'GET');
INSERT INTO `sys_apis` VALUES (52, '2023-05-29 08:20:02', '2023-05-29 08:20:02', NULL, '/customer/customerList', '获取客户列表', '客户', 'GET');
INSERT INTO `sys_apis` VALUES (53, '2023-05-29 08:20:02', '2023-05-29 08:20:02', NULL, '/autoCode/getDB', '获取所有数据库', '代码生成器', 'GET');
INSERT INTO `sys_apis` VALUES (54, '2023-05-29 08:20:02', '2023-05-29 08:20:02', NULL, '/autoCode/getTables', '获取数据库表', '代码生成器', 'GET');
INSERT INTO `sys_apis` VALUES (55, '2023-05-29 08:20:02', '2023-05-29 08:20:02', NULL, '/autoCode/createTemp', '自动化代码', '代码生成器', 'POST');
INSERT INTO `sys_apis` VALUES (56, '2023-05-29 08:20:02', '2023-05-29 08:20:02', NULL, '/autoCode/preview', '预览自动化代码', '代码生成器', 'POST');
INSERT INTO `sys_apis` VALUES (57, '2023-05-29 08:20:02', '2023-05-29 08:20:02', NULL, '/autoCode/getColumn', '获取所选table的所有字段', '代码生成器', 'GET');
INSERT INTO `sys_apis` VALUES (58, '2023-05-29 08:20:02', '2023-05-29 08:20:02', NULL, '/autoCode/createPlug', '自动创建插件包', '代码生成器', 'POST');
INSERT INTO `sys_apis` VALUES (59, '2023-05-29 08:20:02', '2023-05-29 08:20:02', NULL, '/autoCode/installPlugin', '安装插件', '代码生成器', 'POST');
INSERT INTO `sys_apis` VALUES (60, '2023-05-29 08:20:02', '2023-05-29 08:20:02', NULL, '/autoCode/createPackage', '生成包(package)', '包（pkg）生成器', 'POST');
INSERT INTO `sys_apis` VALUES (61, '2023-05-29 08:20:02', '2023-05-29 08:20:02', NULL, '/autoCode/getPackage', '获取所有包(package)', '包（pkg）生成器', 'POST');
INSERT INTO `sys_apis` VALUES (62, '2023-05-29 08:20:02', '2023-05-29 08:20:02', NULL, '/autoCode/delPackage', '删除包(package)', '包（pkg）生成器', 'POST');
INSERT INTO `sys_apis` VALUES (63, '2023-05-29 08:20:02', '2023-05-29 08:20:02', NULL, '/autoCode/getMeta', '获取meta信息', '代码生成器历史', 'POST');
INSERT INTO `sys_apis` VALUES (64, '2023-05-29 08:20:02', '2023-05-29 08:20:02', NULL, '/autoCode/rollback', '回滚自动生成代码', '代码生成器历史', 'POST');
INSERT INTO `sys_apis` VALUES (65, '2023-05-29 08:20:02', '2023-05-29 08:20:02', NULL, '/autoCode/getSysHistory', '查询回滚记录', '代码生成器历史', 'POST');
INSERT INTO `sys_apis` VALUES (66, '2023-05-29 08:20:02', '2023-05-29 08:20:02', NULL, '/autoCode/delSysHistory', '删除回滚记录', '代码生成器历史', 'POST');
INSERT INTO `sys_apis` VALUES (67, '2023-05-29 08:20:02', '2023-05-29 08:20:02', NULL, '/sysDictionaryDetail/updateSysDictionaryDetail', '更新字典内容', '系统字典详情', 'PUT');
INSERT INTO `sys_apis` VALUES (68, '2023-05-29 08:20:02', '2023-05-29 08:20:02', NULL, '/sysDictionaryDetail/createSysDictionaryDetail', '新增字典内容', '系统字典详情', 'POST');
INSERT INTO `sys_apis` VALUES (69, '2023-05-29 08:20:02', '2023-05-29 08:20:02', NULL, '/sysDictionaryDetail/deleteSysDictionaryDetail', '删除字典内容', '系统字典详情', 'DELETE');
INSERT INTO `sys_apis` VALUES (70, '2023-05-29 08:20:02', '2023-05-29 08:20:02', NULL, '/sysDictionaryDetail/findSysDictionaryDetail', '根据ID获取字典内容', '系统字典详情', 'GET');
INSERT INTO `sys_apis` VALUES (71, '2023-05-29 08:20:02', '2023-05-29 08:20:02', NULL, '/sysDictionaryDetail/getSysDictionaryDetailList', '获取字典内容列表', '系统字典详情', 'GET');
INSERT INTO `sys_apis` VALUES (72, '2023-05-29 08:20:02', '2023-05-29 08:20:02', NULL, '/sysDictionary/createSysDictionary', '新增字典', '系统字典', 'POST');
INSERT INTO `sys_apis` VALUES (73, '2023-05-29 08:20:02', '2023-05-29 08:20:02', NULL, '/sysDictionary/deleteSysDictionary', '删除字典', '系统字典', 'DELETE');
INSERT INTO `sys_apis` VALUES (74, '2023-05-29 08:20:02', '2023-05-29 08:20:02', NULL, '/sysDictionary/updateSysDictionary', '更新字典', '系统字典', 'PUT');
INSERT INTO `sys_apis` VALUES (75, '2023-05-29 08:20:02', '2023-05-29 08:20:02', NULL, '/sysDictionary/findSysDictionary', '根据ID获取字典', '系统字典', 'GET');
INSERT INTO `sys_apis` VALUES (76, '2023-05-29 08:20:02', '2023-05-29 08:20:02', NULL, '/sysDictionary/getSysDictionaryList', '获取字典列表', '系统字典', 'GET');
INSERT INTO `sys_apis` VALUES (77, '2023-05-29 08:20:02', '2023-05-29 08:20:02', NULL, '/sysOperationRecord/createSysOperationRecord', '新增操作记录', '操作记录', 'POST');
INSERT INTO `sys_apis` VALUES (78, '2023-05-29 08:20:02', '2023-05-29 08:20:02', NULL, '/sysOperationRecord/findSysOperationRecord', '根据ID获取操作记录', '操作记录', 'GET');
INSERT INTO `sys_apis` VALUES (79, '2023-05-29 08:20:02', '2023-05-29 08:20:02', NULL, '/sysOperationRecord/getSysOperationRecordList', '获取操作记录列表', '操作记录', 'GET');
INSERT INTO `sys_apis` VALUES (80, '2023-05-29 08:20:02', '2023-05-29 08:20:02', NULL, '/sysOperationRecord/deleteSysOperationRecord', '删除操作记录', '操作记录', 'DELETE');
INSERT INTO `sys_apis` VALUES (81, '2023-05-29 08:20:02', '2023-05-29 08:20:02', NULL, '/sysOperationRecord/deleteSysOperationRecordByIds', '批量删除操作历史', '操作记录', 'DELETE');
INSERT INTO `sys_apis` VALUES (82, '2023-05-29 08:20:02', '2023-05-29 08:20:02', NULL, '/simpleUploader/upload', '插件版分片上传', '断点续传(插件版)', 'POST');
INSERT INTO `sys_apis` VALUES (83, '2023-05-29 08:20:02', '2023-05-29 08:20:02', NULL, '/simpleUploader/checkFileMd5', '文件完整度验证', '断点续传(插件版)', 'GET');
INSERT INTO `sys_apis` VALUES (84, '2023-05-29 08:20:02', '2023-05-29 08:20:02', NULL, '/simpleUploader/mergeFileMd5', '上传完成合并文件', '断点续传(插件版)', 'GET');
INSERT INTO `sys_apis` VALUES (85, '2023-05-29 08:20:02', '2023-05-29 08:20:02', NULL, '/email/emailTest', '发送测试邮件', 'email', 'POST');
INSERT INTO `sys_apis` VALUES (86, '2023-05-29 08:20:02', '2023-05-29 08:20:02', NULL, '/email/emailSend', '发送邮件示例', 'email', 'POST');
INSERT INTO `sys_apis` VALUES (87, '2023-05-29 08:20:02', '2023-05-29 08:20:02', NULL, '/authorityBtn/setAuthorityBtn', '设置按钮权限', '按钮权限', 'POST');
INSERT INTO `sys_apis` VALUES (88, '2023-05-29 08:20:02', '2023-05-29 08:20:02', NULL, '/authorityBtn/getAuthorityBtn', '获取已有按钮权限', '按钮权限', 'POST');
INSERT INTO `sys_apis` VALUES (89, '2023-05-29 08:20:02', '2023-05-29 08:20:02', NULL, '/authorityBtn/canRemoveAuthorityBtn', '删除按钮', '按钮权限', 'POST');
INSERT INTO `sys_apis` VALUES (90, '2023-05-29 08:20:02', '2023-05-29 08:20:02', NULL, '/chatGpt/getTable', '通过gpt获取内容', '万用表格', 'POST');
INSERT INTO `sys_apis` VALUES (91, '2023-05-29 08:20:02', '2023-05-29 08:20:02', NULL, '/chatGpt/createSK', '录入sk', '万用表格', 'POST');
INSERT INTO `sys_apis` VALUES (92, '2023-05-29 08:20:02', '2023-05-29 08:20:02', NULL, '/chatGpt/getSK', '获取sk', '万用表格', 'GET');
INSERT INTO `sys_apis` VALUES (93, '2023-05-29 08:20:02', '2023-05-29 08:20:02', NULL, '/chatGpt/deleteSK', '删除sk', '万用表格', 'DELETE');

-- ----------------------------
-- Table structure for sys_authorities
-- ----------------------------
DROP TABLE IF EXISTS `sys_authorities`;
CREATE TABLE `sys_authorities`  (
  `created_at` datetime(3) NULL DEFAULT NULL,
  `updated_at` datetime(3) NULL DEFAULT NULL,
  `deleted_at` datetime(3) NULL DEFAULT NULL,
  `authority_id` bigint(20) UNSIGNED NOT NULL AUTO_INCREMENT COMMENT '角色ID',
  `authority_name` varchar(191) CHARACTER SET utf8mb4 COLLATE utf8mb4_unicode_ci NULL DEFAULT NULL COMMENT '角色名',
  `parent_id` bigint(20) UNSIGNED NULL DEFAULT NULL COMMENT '父角色ID',
  `default_router` varchar(191) CHARACTER SET utf8mb4 COLLATE utf8mb4_unicode_ci NULL DEFAULT 'dashboard' COMMENT '默认菜单',
  PRIMARY KEY (`authority_id`) USING BTREE,
  UNIQUE INDEX `authority_id`(`authority_id`) USING BTREE
) ENGINE = InnoDB AUTO_INCREMENT = 9529 CHARACTER SET = utf8mb4 COLLATE = utf8mb4_unicode_ci ROW_FORMAT = Dynamic;

-- ----------------------------
-- Records of sys_authorities
-- ----------------------------
INSERT INTO `sys_authorities` VALUES ('2023-05-29 08:20:02.493', '2023-05-30 20:24:38.481', NULL, 888, '普通用户', 0, 'dashboard');
INSERT INTO `sys_authorities` VALUES ('2023-05-29 08:20:02.493', '2023-05-29 08:20:02.717', NULL, 8881, '普通用户子角色', 888, 'dashboard');
INSERT INTO `sys_authorities` VALUES ('2023-05-29 08:20:02.493', '2023-05-29 08:20:02.713', NULL, 9528, '测试角色', 0, 'dashboard');

-- ----------------------------
-- Table structure for sys_authority_btns
-- ----------------------------
DROP TABLE IF EXISTS `sys_authority_btns`;
CREATE TABLE `sys_authority_btns`  (
  `authority_id` bigint(20) UNSIGNED NULL DEFAULT NULL COMMENT '角色ID',
  `sys_menu_id` bigint(20) UNSIGNED NULL DEFAULT NULL COMMENT '菜单ID',
  `sys_base_menu_btn_id` bigint(20) UNSIGNED NULL DEFAULT NULL COMMENT '菜单按钮ID'
) ENGINE = InnoDB CHARACTER SET = utf8mb4 COLLATE = utf8mb4_unicode_ci ROW_FORMAT = Dynamic;

-- ----------------------------
-- Records of sys_authority_btns
-- ----------------------------

-- ----------------------------
-- Table structure for sys_authority_menus
-- ----------------------------
DROP TABLE IF EXISTS `sys_authority_menus`;
CREATE TABLE `sys_authority_menus`  (
  `sys_base_menu_id` bigint(20) UNSIGNED NOT NULL COMMENT '主键ID',
  `sys_authority_authority_id` bigint(20) UNSIGNED NOT NULL COMMENT '角色ID',
  PRIMARY KEY (`sys_base_menu_id`, `sys_authority_authority_id`) USING BTREE
) ENGINE = InnoDB CHARACTER SET = utf8mb4 COLLATE = utf8mb4_unicode_ci ROW_FORMAT = Dynamic;

-- ----------------------------
-- Records of sys_authority_menus
-- ----------------------------
INSERT INTO `sys_authority_menus` VALUES (1, 888);
INSERT INTO `sys_authority_menus` VALUES (1, 8881);
INSERT INTO `sys_authority_menus` VALUES (1, 9528);
INSERT INTO `sys_authority_menus` VALUES (2, 888);
INSERT INTO `sys_authority_menus` VALUES (2, 8881);
INSERT INTO `sys_authority_menus` VALUES (2, 9528);
INSERT INTO `sys_authority_menus` VALUES (3, 888);
INSERT INTO `sys_authority_menus` VALUES (4, 888);
INSERT INTO `sys_authority_menus` VALUES (4, 8881);
INSERT INTO `sys_authority_menus` VALUES (5, 888);
INSERT INTO `sys_authority_menus` VALUES (5, 8881);
INSERT INTO `sys_authority_menus` VALUES (6, 888);
INSERT INTO `sys_authority_menus` VALUES (6, 8881);
INSERT INTO `sys_authority_menus` VALUES (7, 888);
INSERT INTO `sys_authority_menus` VALUES (7, 8881);
INSERT INTO `sys_authority_menus` VALUES (8, 888);
INSERT INTO `sys_authority_menus` VALUES (8, 8881);
INSERT INTO `sys_authority_menus` VALUES (8, 9528);
INSERT INTO `sys_authority_menus` VALUES (9, 888);
INSERT INTO `sys_authority_menus` VALUES (9, 8881);
INSERT INTO `sys_authority_menus` VALUES (10, 888);
INSERT INTO `sys_authority_menus` VALUES (10, 8881);
INSERT INTO `sys_authority_menus` VALUES (11, 888);
INSERT INTO `sys_authority_menus` VALUES (11, 8881);
INSERT INTO `sys_authority_menus` VALUES (12, 888);
INSERT INTO `sys_authority_menus` VALUES (13, 888);
INSERT INTO `sys_authority_menus` VALUES (13, 8881);
INSERT INTO `sys_authority_menus` VALUES (14, 888);
INSERT INTO `sys_authority_menus` VALUES (14, 8881);
INSERT INTO `sys_authority_menus` VALUES (15, 888);
INSERT INTO `sys_authority_menus` VALUES (15, 8881);
INSERT INTO `sys_authority_menus` VALUES (16, 888);
INSERT INTO `sys_authority_menus` VALUES (16, 8881);
INSERT INTO `sys_authority_menus` VALUES (17, 888);
INSERT INTO `sys_authority_menus` VALUES (17, 8881);
INSERT INTO `sys_authority_menus` VALUES (18, 888);
INSERT INTO `sys_authority_menus` VALUES (19, 888);
INSERT INTO `sys_authority_menus` VALUES (20, 888);
INSERT INTO `sys_authority_menus` VALUES (21, 888);
INSERT INTO `sys_authority_menus` VALUES (22, 888);
INSERT INTO `sys_authority_menus` VALUES (23, 888);
INSERT INTO `sys_authority_menus` VALUES (24, 888);
INSERT INTO `sys_authority_menus` VALUES (25, 888);
INSERT INTO `sys_authority_menus` VALUES (26, 888);
INSERT INTO `sys_authority_menus` VALUES (27, 888);
INSERT INTO `sys_authority_menus` VALUES (28, 888);
INSERT INTO `sys_authority_menus` VALUES (29, 888);
INSERT INTO `sys_authority_menus` VALUES (30, 888);
INSERT INTO `sys_authority_menus` VALUES (31, 888);
INSERT INTO `sys_authority_menus` VALUES (32, 888);
INSERT INTO `sys_authority_menus` VALUES (33, 888);
INSERT INTO `sys_authority_menus` VALUES (34, 888);
INSERT INTO `sys_authority_menus` VALUES (35, 888);
INSERT INTO `sys_authority_menus` VALUES (36, 888);
INSERT INTO `sys_authority_menus` VALUES (37, 888);

-- ----------------------------
-- Table structure for sys_auto_code_histories
-- ----------------------------
DROP TABLE IF EXISTS `sys_auto_code_histories`;
CREATE TABLE `sys_auto_code_histories`  (
  `id` bigint(20) UNSIGNED NOT NULL AUTO_INCREMENT COMMENT '主键ID',
  `created_at` datetime(0) NULL DEFAULT NULL COMMENT '创建时间',
  `updated_at` datetime(0) NULL DEFAULT NULL COMMENT '更新时间',
  `deleted_at` datetime(3) NULL DEFAULT NULL COMMENT '删除时间',
  `package` varchar(191) CHARACTER SET utf8mb4 COLLATE utf8mb4_unicode_ci NULL DEFAULT NULL,
  `business_db` varchar(191) CHARACTER SET utf8mb4 COLLATE utf8mb4_unicode_ci NULL DEFAULT NULL,
  `table_name` varchar(191) CHARACTER SET utf8mb4 COLLATE utf8mb4_unicode_ci NULL DEFAULT NULL,
  `request_meta` text CHARACTER SET utf8mb4 COLLATE utf8mb4_unicode_ci NULL,
  `auto_code_path` text CHARACTER SET utf8mb4 COLLATE utf8mb4_unicode_ci NULL,
  `injection_meta` text CHARACTER SET utf8mb4 COLLATE utf8mb4_unicode_ci NULL,
  `struct_name` varchar(191) CHARACTER SET utf8mb4 COLLATE utf8mb4_unicode_ci NULL DEFAULT NULL,
  `struct_cn_name` varchar(191) CHARACTER SET utf8mb4 COLLATE utf8mb4_unicode_ci NULL DEFAULT NULL,
  `api_ids` varchar(191) CHARACTER SET utf8mb4 COLLATE utf8mb4_unicode_ci NULL DEFAULT NULL,
  `flag` bigint(20) NULL DEFAULT NULL,
  PRIMARY KEY (`id`) USING BTREE,
  INDEX `idx_sys_auto_code_histories_deleted_at`(`deleted_at`) USING BTREE
) ENGINE = InnoDB AUTO_INCREMENT = 1 CHARACTER SET = utf8mb4 COLLATE = utf8mb4_unicode_ci ROW_FORMAT = Dynamic;

-- ----------------------------
-- Records of sys_auto_code_histories
-- ----------------------------

-- ----------------------------
-- Table structure for sys_auto_codes
-- ----------------------------
DROP TABLE IF EXISTS `sys_auto_codes`;
CREATE TABLE `sys_auto_codes`  (
  `id` bigint(20) UNSIGNED NOT NULL AUTO_INCREMENT COMMENT '主键ID',
  `created_at` datetime(0) NULL DEFAULT NULL COMMENT '创建时间',
  `updated_at` datetime(0) NULL DEFAULT NULL COMMENT '更新时间',
  `deleted_at` datetime(3) NULL DEFAULT NULL COMMENT '删除时间',
  `package_name` varchar(191) CHARACTER SET utf8mb4 COLLATE utf8mb4_unicode_ci NULL DEFAULT NULL COMMENT '包名',
  `label` varchar(191) CHARACTER SET utf8mb4 COLLATE utf8mb4_unicode_ci NULL DEFAULT NULL COMMENT '展示名',
  `desc` varchar(191) CHARACTER SET utf8mb4 COLLATE utf8mb4_unicode_ci NULL DEFAULT NULL COMMENT '描述',
  PRIMARY KEY (`id`) USING BTREE,
  INDEX `idx_sys_auto_codes_deleted_at`(`deleted_at`) USING BTREE
) ENGINE = InnoDB AUTO_INCREMENT = 1 CHARACTER SET = utf8mb4 COLLATE = utf8mb4_unicode_ci ROW_FORMAT = Dynamic;

-- ----------------------------
-- Records of sys_auto_codes
-- ----------------------------

-- ----------------------------
-- Table structure for sys_base_menu_btns
-- ----------------------------
DROP TABLE IF EXISTS `sys_base_menu_btns`;
CREATE TABLE `sys_base_menu_btns`  (
  `id` bigint(20) UNSIGNED NOT NULL AUTO_INCREMENT COMMENT '主键ID',
  `created_at` datetime(0) NULL DEFAULT NULL COMMENT '创建时间',
  `updated_at` datetime(0) NULL DEFAULT NULL COMMENT '更新时间',
  `deleted_at` datetime(3) NULL DEFAULT NULL COMMENT '删除时间',
  `name` varchar(191) CHARACTER SET utf8mb4 COLLATE utf8mb4_unicode_ci NULL DEFAULT NULL COMMENT '按钮关键key',
  `desc` varchar(191) CHARACTER SET utf8mb4 COLLATE utf8mb4_unicode_ci NULL DEFAULT NULL,
  `sys_base_menu_id` bigint(20) UNSIGNED NULL DEFAULT NULL COMMENT '菜单ID',
  PRIMARY KEY (`id`) USING BTREE,
  INDEX `idx_sys_base_menu_btns_deleted_at`(`deleted_at`) USING BTREE
) ENGINE = InnoDB AUTO_INCREMENT = 1 CHARACTER SET = utf8mb4 COLLATE = utf8mb4_unicode_ci ROW_FORMAT = Dynamic;

-- ----------------------------
-- Records of sys_base_menu_btns
-- ----------------------------

-- ----------------------------
-- Table structure for sys_base_menu_parameters
-- ----------------------------
DROP TABLE IF EXISTS `sys_base_menu_parameters`;
CREATE TABLE `sys_base_menu_parameters`  (
  `id` bigint(20) UNSIGNED NOT NULL AUTO_INCREMENT COMMENT '主键ID',
  `created_at` datetime(0) NULL DEFAULT NULL COMMENT '创建时间',
  `updated_at` datetime(0) NULL DEFAULT NULL COMMENT '更新时间',
  `deleted_at` datetime(3) NULL DEFAULT NULL COMMENT '删除时间',
  `sys_base_menu_id` bigint(20) UNSIGNED NULL DEFAULT NULL,
  `type` varchar(191) CHARACTER SET utf8mb4 COLLATE utf8mb4_unicode_ci NULL DEFAULT NULL COMMENT '地址栏携带参数为params还是query',
  `key` varchar(191) CHARACTER SET utf8mb4 COLLATE utf8mb4_unicode_ci NULL DEFAULT NULL COMMENT '地址栏携带参数的key',
  `value` varchar(191) CHARACTER SET utf8mb4 COLLATE utf8mb4_unicode_ci NULL DEFAULT NULL COMMENT '地址栏携带参数的值',
  PRIMARY KEY (`id`) USING BTREE,
  INDEX `idx_sys_base_menu_parameters_deleted_at`(`deleted_at`) USING BTREE
) ENGINE = InnoDB AUTO_INCREMENT = 1 CHARACTER SET = utf8mb4 COLLATE = utf8mb4_unicode_ci ROW_FORMAT = Dynamic;

-- ----------------------------
-- Records of sys_base_menu_parameters
-- ----------------------------

-- ----------------------------
-- Table structure for sys_base_menus
-- ----------------------------
DROP TABLE IF EXISTS `sys_base_menus`;
CREATE TABLE `sys_base_menus`  (
  `id` bigint(20) UNSIGNED NOT NULL AUTO_INCREMENT COMMENT '主键ID',
  `created_at` datetime(0) NULL DEFAULT NULL COMMENT '创建时间',
  `updated_at` datetime(0) NULL DEFAULT NULL COMMENT '更新时间',
  `deleted_at` datetime(3) NULL DEFAULT NULL COMMENT '删除时间',
  `menu_level` bigint(20) UNSIGNED NULL DEFAULT NULL,
  `parent_id` varchar(191) CHARACTER SET utf8mb4 COLLATE utf8mb4_unicode_ci NULL DEFAULT NULL COMMENT '父菜单ID',
  `path` varchar(191) CHARACTER SET utf8mb4 COLLATE utf8mb4_unicode_ci NULL DEFAULT NULL COMMENT '路由path',
  `name` varchar(191) CHARACTER SET utf8mb4 COLLATE utf8mb4_unicode_ci NULL DEFAULT NULL COMMENT '路由name',
  `hidden` tinyint(1) NULL DEFAULT NULL COMMENT '是否在列表隐藏',
  `component` varchar(191) CHARACTER SET utf8mb4 COLLATE utf8mb4_unicode_ci NULL DEFAULT NULL COMMENT '对应前端文件路径',
  `sort` bigint(20) NULL DEFAULT NULL COMMENT '排序标记',
  `active_name` varchar(191) CHARACTER SET utf8mb4 COLLATE utf8mb4_unicode_ci NULL DEFAULT NULL COMMENT '附加属性',
  `keep_alive` tinyint(1) NULL DEFAULT NULL COMMENT '附加属性',
  `default_menu` tinyint(1) NULL DEFAULT NULL COMMENT '附加属性',
  `title` varchar(191) CHARACTER SET utf8mb4 COLLATE utf8mb4_unicode_ci NULL DEFAULT NULL COMMENT '附加属性',
  `icon` varchar(191) CHARACTER SET utf8mb4 COLLATE utf8mb4_unicode_ci NULL DEFAULT NULL COMMENT '附加属性',
  `close_tab` tinyint(1) NULL DEFAULT NULL COMMENT '附加属性',
  PRIMARY KEY (`id`) USING BTREE,
  INDEX `idx_sys_base_menus_deleted_at`(`deleted_at`) USING BTREE
) ENGINE = InnoDB AUTO_INCREMENT = 38 CHARACTER SET = utf8mb4 COLLATE = utf8mb4_unicode_ci ROW_FORMAT = Dynamic;

-- ----------------------------
-- Records of sys_base_menus
-- ----------------------------
INSERT INTO `sys_base_menus` VALUES (1, '2023-05-29 08:20:03', '2023-05-29 08:20:03', NULL, 0, '0', 'dashboard', 'dashboard', 0, 'view/dashboard/index.vue', 1, '', 0, 0, '仪表盘', 'odometer', 0);
INSERT INTO `sys_base_menus` VALUES (2, '2023-05-29 08:20:03', '2023-05-29 08:20:03', NULL, 0, '0', 'about', 'about', 0, 'view/about/index.vue', 9, '', 0, 0, '关于我们', 'info-filled', 0);
INSERT INTO `sys_base_menus` VALUES (3, '2023-05-29 08:20:03', '2023-05-29 08:20:03', NULL, 0, '0', 'admin', 'superAdmin', 0, 'view/superAdmin/index.vue', 3, '', 0, 0, '超级管理员', 'user', 0);
INSERT INTO `sys_base_menus` VALUES (4, '2023-05-29 08:20:03', '2023-05-29 08:20:03', NULL, 0, '3', 'authority', 'authority', 0, 'view/superAdmin/authority/authority.vue', 1, '', 0, 0, '角色管理', 'avatar', 0);
INSERT INTO `sys_base_menus` VALUES (5, '2023-05-29 08:20:03', '2023-05-29 08:20:03', NULL, 0, '3', 'menu', 'menu', 0, 'view/superAdmin/menu/menu.vue', 2, '', 1, 0, '菜单管理', 'tickets', 0);
INSERT INTO `sys_base_menus` VALUES (6, '2023-05-29 08:20:03', '2023-05-29 08:20:03', NULL, 0, '3', 'api', 'api', 0, 'view/superAdmin/api/api.vue', 3, '', 1, 0, 'api管理', 'platform', 0);
INSERT INTO `sys_base_menus` VALUES (7, '2023-05-29 08:20:03', '2023-05-29 08:20:03', NULL, 0, '3', 'user', 'user', 0, 'view/superAdmin/user/user.vue', 4, '', 0, 0, '用户管理', 'coordinate', 0);
INSERT INTO `sys_base_menus` VALUES (8, '2023-05-29 08:20:03', '2023-05-29 08:20:03', NULL, 0, '3', 'dictionary', 'dictionary', 0, 'view/superAdmin/dictionary/sysDictionary.vue', 5, '', 0, 0, '字典管理', 'notebook', 0);
INSERT INTO `sys_base_menus` VALUES (9, '2023-05-29 08:20:03', '2023-05-29 08:20:03', NULL, 0, '3', 'dictionaryDetail/:id', 'dictionaryDetail', 1, 'view/superAdmin/dictionary/sysDictionaryDetail.vue', 1, 'dictionary', 0, 0, '字典详情-${id}', 'list', 0);
INSERT INTO `sys_base_menus` VALUES (10, '2023-05-29 08:20:03', '2023-05-29 08:20:03', NULL, 0, '3', 'operation', 'operation', 0, 'view/superAdmin/operation/sysOperationRecord.vue', 6, '', 0, 0, '操作历史', 'pie-chart', 0);
INSERT INTO `sys_base_menus` VALUES (11, '2023-05-29 08:20:03', '2023-05-29 08:20:03', NULL, 0, '0', 'person', 'person', 1, 'view/person/person.vue', 4, '', 0, 0, '个人信息', 'message', 0);
INSERT INTO `sys_base_menus` VALUES (12, '2023-05-29 08:20:03', '2023-05-29 08:20:03', NULL, 0, '0', 'example', 'example', 0, 'view/example/index.vue', 7, '', 0, 0, '示例文件', 'management', 0);
INSERT INTO `sys_base_menus` VALUES (13, '2023-05-29 08:20:03', '2023-05-29 08:20:03', NULL, 0, '12', 'upload', 'upload', 0, 'view/example/upload/upload.vue', 5, '', 0, 0, '媒体库（上传下载）', 'upload', 0);
INSERT INTO `sys_base_menus` VALUES (14, '2023-05-29 08:20:03', '2023-05-29 08:20:03', NULL, 0, '12', 'breakpoint', 'breakpoint', 0, 'view/example/breakpoint/breakpoint.vue', 6, '', 0, 0, '断点续传', 'upload-filled', 0);
INSERT INTO `sys_base_menus` VALUES (15, '2023-05-29 08:20:03', '2023-05-29 08:20:03', NULL, 0, '12', 'customer', 'customer', 0, 'view/example/customer/customer.vue', 7, '', 0, 0, '客户列表（资源示例）', 'avatar', 0);
INSERT INTO `sys_base_menus` VALUES (16, '2023-05-29 08:20:03', '2023-05-29 08:20:03', NULL, 0, '0', 'systemTools', 'systemTools', 0, 'view/systemTools/index.vue', 5, '', 0, 0, '系统工具', 'tools', 0);
INSERT INTO `sys_base_menus` VALUES (17, '2023-05-29 08:20:03', '2023-05-29 08:20:03', NULL, 0, '16', 'autoCode', 'autoCode', 0, 'view/systemTools/autoCode/index.vue', 1, '', 1, 0, '代码生成器', 'cpu', 0);
INSERT INTO `sys_base_menus` VALUES (18, '2023-05-29 08:20:03', '2023-05-29 08:20:03', NULL, 0, '16', 'formCreate', 'formCreate', 0, 'view/systemTools/formCreate/index.vue', 2, '', 1, 0, '表单生成器', 'magic-stick', 0);
INSERT INTO `sys_base_menus` VALUES (19, '2023-05-29 08:20:03', '2023-05-29 08:20:03', NULL, 0, '16', 'system', 'system', 0, 'view/systemTools/system/system.vue', 3, '', 0, 0, '系统配置', 'operation', 0);
INSERT INTO `sys_base_menus` VALUES (20, '2023-05-29 08:20:03', '2023-05-29 08:20:03', NULL, 0, '16', 'autoCodeAdmin', 'autoCodeAdmin', 0, 'view/systemTools/autoCodeAdmin/index.vue', 1, '', 0, 0, '自动化代码管理', 'magic-stick', 0);
INSERT INTO `sys_base_menus` VALUES (21, '2023-05-29 08:20:03', '2023-05-29 08:20:03', NULL, 0, '16', 'autoCodeEdit/:id', 'autoCodeEdit', 1, 'view/systemTools/autoCode/index.vue', 0, '', 0, 0, '自动化代码-${id}', 'magic-stick', 0);
INSERT INTO `sys_base_menus` VALUES (22, '2023-05-29 08:20:03', '2023-05-29 08:20:03', NULL, 0, '16', 'autoPkg', 'autoPkg', 0, 'view/systemTools/autoPkg/autoPkg.vue', 0, '', 0, 0, '自动化package', 'folder', 0);
INSERT INTO `sys_base_menus` VALUES (23, '2023-05-29 08:20:03', '2023-05-29 08:20:03', NULL, 0, '0', 'https://www.gin-vue-admin.com', 'https://www.gin-vue-admin.com', 0, '/', 0, '', 0, 0, '官方网站', 'home-filled', 0);
INSERT INTO `sys_base_menus` VALUES (24, '2023-05-29 08:20:03', '2023-05-29 08:20:03', NULL, 0, '0', 'state', 'state', 0, 'view/system/state.vue', 8, '', 0, 0, '服务器状态', 'cloudy', 0);
INSERT INTO `sys_base_menus` VALUES (25, '2023-05-29 08:20:03', '2023-05-29 08:20:03', NULL, 0, '0', 'plugin', 'plugin', 0, 'view/routerHolder.vue', 6, '', 0, 0, '插件系统', 'cherry', 0);
INSERT INTO `sys_base_menus` VALUES (26, '2023-05-29 08:20:03', '2023-05-29 08:20:03', NULL, 0, '25', 'https://plugin.gin-vue-admin.com/', 'https://plugin.gin-vue-admin.com/', 0, 'https://plugin.gin-vue-admin.com/', 0, '', 0, 0, '插件市场', 'shop', 0);
INSERT INTO `sys_base_menus` VALUES (27, '2023-05-29 08:20:03', '2023-05-29 08:20:03', NULL, 0, '25', 'installPlugin', 'installPlugin', 0, 'view/systemTools/installPlugin/index.vue', 1, '', 0, 0, '插件安装', 'box', 0);
INSERT INTO `sys_base_menus` VALUES (28, '2023-05-29 08:20:03', '2023-05-29 08:20:03', NULL, 0, '25', 'autoPlug', 'autoPlug', 0, 'view/systemTools/autoPlug/autoPlug.vue', 2, '', 0, 0, '插件模板', 'folder', 0);
INSERT INTO `sys_base_menus` VALUES (29, '2023-05-29 08:20:03', '2023-05-29 08:20:03', NULL, 0, '25', 'plugin-email', 'plugin-email', 0, 'plugin/email/view/index.vue', 3, '', 0, 0, '邮件插件', 'message', 0);
INSERT INTO `sys_base_menus` VALUES (30, '2023-05-29 08:20:03', '2023-05-29 08:20:03', NULL, 0, '16', 'chatTable', 'chatTable', 0, 'view/chatgpt/chatTable.vue', 6, '', 0, 0, '万用表格', 'chat-dot-square', 0);
INSERT INTO `sys_base_menus` VALUES (31, '2023-05-29 08:23:42', '2023-05-30 21:16:36', NULL, 0, '0', 'bbs', 'bbs', 0, 'view/bbs/index.vue', 2, '', 1, 0, '帖子管理', 'aim', 0);
INSERT INTO `sys_base_menus` VALUES (32, '2023-05-29 08:29:58', '2023-05-29 08:50:48', NULL, 0, '31', 'list', 'list', 0, 'view/bbs/list/list.vue', 1, '', 0, 0, '帖子列表', 'aim', 0);
INSERT INTO `sys_base_menus` VALUES (33, '2023-05-29 08:30:56', '2023-05-30 21:16:49', NULL, 0, '31', 'category', 'category', 0, 'view/bbs/category/category.vue', 0, '', 1, 0, '帖子分类', 'calendar', 0);
INSERT INTO `sys_base_menus` VALUES (34, '2023-05-30 20:09:28', '2023-05-30 20:33:49', NULL, 0, '0', '/video', '/video', 0, 'view/video/index.vue', 3, '', 0, 0, '视频管理', 'video-camera-filled', 0);
INSERT INTO `sys_base_menus` VALUES (35, '2023-05-30 20:23:11', '2023-05-30 20:23:11', NULL, 0, '34', 'mange', 'mange', 0, 'view/video/mange.vue', 1, '', 0, 0, '视频列表', 'aim', 0);
INSERT INTO `sys_base_menus` VALUES (36, '2023-05-30 20:23:52', '2023-06-04 22:10:57', NULL, 0, '34', 'videocategory', 'videocategory', 0, 'view/video/category.vue', 2, '', 0, 0, '视频分类', 'aim', 0);
INSERT INTO `sys_base_menus` VALUES (37, '2023-05-30 20:24:20', '2023-05-30 20:28:52', NULL, 0, '34', 'videocomment', 'videocomment', 0, 'view/video/comment.vue', 3, '', 0, 0, '视频评论', 'aim', 0);

-- ----------------------------
-- Table structure for sys_chat_gpt_options
-- ----------------------------
DROP TABLE IF EXISTS `sys_chat_gpt_options`;
CREATE TABLE `sys_chat_gpt_options`  (
  `sk` varchar(191) CHARACTER SET utf8mb4 COLLATE utf8mb4_unicode_ci NULL DEFAULT NULL
) ENGINE = InnoDB CHARACTER SET = utf8mb4 COLLATE = utf8mb4_unicode_ci ROW_FORMAT = Dynamic;

-- ----------------------------
-- Records of sys_chat_gpt_options
-- ----------------------------

-- ----------------------------
-- Table structure for sys_data_authority_id
-- ----------------------------
DROP TABLE IF EXISTS `sys_data_authority_id`;
CREATE TABLE `sys_data_authority_id`  (
  `sys_authority_authority_id` bigint(20) UNSIGNED NOT NULL COMMENT '角色ID',
  `data_authority_id_authority_id` bigint(20) UNSIGNED NOT NULL COMMENT '角色ID',
  PRIMARY KEY (`sys_authority_authority_id`, `data_authority_id_authority_id`) USING BTREE
) ENGINE = InnoDB CHARACTER SET = utf8mb4 COLLATE = utf8mb4_unicode_ci ROW_FORMAT = Dynamic;

-- ----------------------------
-- Records of sys_data_authority_id
-- ----------------------------
INSERT INTO `sys_data_authority_id` VALUES (888, 888);
INSERT INTO `sys_data_authority_id` VALUES (888, 8881);
INSERT INTO `sys_data_authority_id` VALUES (888, 9528);
INSERT INTO `sys_data_authority_id` VALUES (9528, 8881);
INSERT INTO `sys_data_authority_id` VALUES (9528, 9528);

-- ----------------------------
-- Table structure for sys_dictionaries
-- ----------------------------
DROP TABLE IF EXISTS `sys_dictionaries`;
CREATE TABLE `sys_dictionaries`  (
  `id` bigint(20) UNSIGNED NOT NULL AUTO_INCREMENT COMMENT '主键ID',
  `created_at` datetime(0) NULL DEFAULT NULL COMMENT '创建时间',
  `updated_at` datetime(0) NULL DEFAULT NULL COMMENT '更新时间',
  `deleted_at` datetime(3) NULL DEFAULT NULL COMMENT '删除时间',
  `name` varchar(191) CHARACTER SET utf8mb4 COLLATE utf8mb4_unicode_ci NULL DEFAULT NULL COMMENT '字典名（中）',
  `type` varchar(191) CHARACTER SET utf8mb4 COLLATE utf8mb4_unicode_ci NULL DEFAULT NULL COMMENT '字典名（英）',
  `status` tinyint(1) NULL DEFAULT NULL COMMENT '状态',
  `desc` varchar(191) CHARACTER SET utf8mb4 COLLATE utf8mb4_unicode_ci NULL DEFAULT NULL COMMENT '描述',
  PRIMARY KEY (`id`) USING BTREE,
  INDEX `idx_sys_dictionaries_deleted_at`(`deleted_at`) USING BTREE
) ENGINE = InnoDB AUTO_INCREMENT = 7 CHARACTER SET = utf8mb4 COLLATE = utf8mb4_unicode_ci ROW_FORMAT = Dynamic;

-- ----------------------------
-- Records of sys_dictionaries
-- ----------------------------
INSERT INTO `sys_dictionaries` VALUES (1, '2023-05-29 08:20:03', '2023-05-29 08:20:03', NULL, '性别', 'gender', 1, '性别字典');
INSERT INTO `sys_dictionaries` VALUES (2, '2023-05-29 08:20:03', '2023-05-29 08:20:03', NULL, '数据库int类型', 'int', 1, 'int类型对应的数据库类型');
INSERT INTO `sys_dictionaries` VALUES (3, '2023-05-29 08:20:03', '2023-05-29 08:20:03', NULL, '数据库时间日期类型', 'time.Time', 1, '数据库时间日期类型');
INSERT INTO `sys_dictionaries` VALUES (4, '2023-05-29 08:20:03', '2023-05-29 08:20:03', NULL, '数据库浮点型', 'float64', 1, '数据库浮点型');
INSERT INTO `sys_dictionaries` VALUES (5, '2023-05-29 08:20:03', '2023-05-29 08:20:03', NULL, '数据库字符串', 'string', 1, '数据库字符串');
INSERT INTO `sys_dictionaries` VALUES (6, '2023-05-29 08:20:03', '2023-05-29 08:20:03', NULL, '数据库bool类型', 'bool', 1, '数据库bool类型');

-- ----------------------------
-- Table structure for sys_dictionary_details
-- ----------------------------
DROP TABLE IF EXISTS `sys_dictionary_details`;
CREATE TABLE `sys_dictionary_details`  (
  `id` bigint(20) UNSIGNED NOT NULL AUTO_INCREMENT COMMENT '主键ID',
  `created_at` datetime(0) NULL DEFAULT NULL COMMENT '创建时间',
  `updated_at` datetime(0) NULL DEFAULT NULL COMMENT '更新时间',
  `deleted_at` datetime(3) NULL DEFAULT NULL COMMENT '删除时间',
  `label` varchar(191) CHARACTER SET utf8mb4 COLLATE utf8mb4_unicode_ci NULL DEFAULT NULL COMMENT '展示值',
  `value` bigint(20) NULL DEFAULT NULL COMMENT '字典值',
  `status` tinyint(1) NULL DEFAULT NULL COMMENT '启用状态',
  `sort` bigint(20) NULL DEFAULT NULL COMMENT '排序标记',
  `sys_dictionary_id` bigint(20) UNSIGNED NULL DEFAULT NULL COMMENT '关联标记',
  PRIMARY KEY (`id`) USING BTREE,
  INDEX `idx_sys_dictionary_details_deleted_at`(`deleted_at`) USING BTREE
) ENGINE = InnoDB AUTO_INCREMENT = 26 CHARACTER SET = utf8mb4 COLLATE = utf8mb4_unicode_ci ROW_FORMAT = Dynamic;

-- ----------------------------
-- Records of sys_dictionary_details
-- ----------------------------
INSERT INTO `sys_dictionary_details` VALUES (1, '2023-05-29 08:20:03', '2023-05-29 08:20:03', NULL, '男', 1, 1, 1, 1);
INSERT INTO `sys_dictionary_details` VALUES (2, '2023-05-29 08:20:03', '2023-05-29 08:20:03', NULL, '女', 2, 1, 2, 1);
INSERT INTO `sys_dictionary_details` VALUES (3, '2023-05-29 08:20:03', '2023-05-29 08:20:03', NULL, 'smallint', 1, 1, 1, 2);
INSERT INTO `sys_dictionary_details` VALUES (4, '2023-05-29 08:20:03', '2023-05-29 08:20:03', NULL, 'mediumint', 2, 1, 2, 2);
INSERT INTO `sys_dictionary_details` VALUES (5, '2023-05-29 08:20:03', '2023-05-29 08:20:03', NULL, 'int', 3, 1, 3, 2);
INSERT INTO `sys_dictionary_details` VALUES (6, '2023-05-29 08:20:03', '2023-05-29 08:20:03', NULL, 'bigint', 4, 1, 4, 2);
INSERT INTO `sys_dictionary_details` VALUES (7, '2023-05-29 08:20:03', '2023-05-29 08:20:03', NULL, 'date', 0, 1, 0, 3);
INSERT INTO `sys_dictionary_details` VALUES (8, '2023-05-29 08:20:03', '2023-05-29 08:20:03', NULL, 'time', 1, 1, 1, 3);
INSERT INTO `sys_dictionary_details` VALUES (9, '2023-05-29 08:20:03', '2023-05-29 08:20:03', NULL, 'year', 2, 1, 2, 3);
INSERT INTO `sys_dictionary_details` VALUES (10, '2023-05-29 08:20:03', '2023-05-29 08:20:03', NULL, 'datetime', 3, 1, 3, 3);
INSERT INTO `sys_dictionary_details` VALUES (11, '2023-05-29 08:20:03', '2023-05-29 08:20:03', NULL, 'timestamp', 5, 1, 5, 3);
INSERT INTO `sys_dictionary_details` VALUES (12, '2023-05-29 08:20:03', '2023-05-29 08:20:03', NULL, 'float', 0, 1, 0, 4);
INSERT INTO `sys_dictionary_details` VALUES (13, '2023-05-29 08:20:03', '2023-05-29 08:20:03', NULL, 'double', 1, 1, 1, 4);
INSERT INTO `sys_dictionary_details` VALUES (14, '2023-05-29 08:20:03', '2023-05-29 08:20:03', NULL, 'decimal', 2, 1, 2, 4);
INSERT INTO `sys_dictionary_details` VALUES (15, '2023-05-29 08:20:03', '2023-05-29 08:20:03', NULL, 'char', 0, 1, 0, 5);
INSERT INTO `sys_dictionary_details` VALUES (16, '2023-05-29 08:20:03', '2023-05-29 08:20:03', NULL, 'varchar', 1, 1, 1, 5);
INSERT INTO `sys_dictionary_details` VALUES (17, '2023-05-29 08:20:03', '2023-05-29 08:20:03', NULL, 'tinyblob', 2, 1, 2, 5);
INSERT INTO `sys_dictionary_details` VALUES (18, '2023-05-29 08:20:03', '2023-05-29 08:20:03', NULL, 'tinytext', 3, 1, 3, 5);
INSERT INTO `sys_dictionary_details` VALUES (19, '2023-05-29 08:20:03', '2023-05-29 08:20:03', NULL, 'text', 4, 1, 4, 5);
INSERT INTO `sys_dictionary_details` VALUES (20, '2023-05-29 08:20:03', '2023-05-29 08:20:03', NULL, 'blob', 5, 1, 5, 5);
INSERT INTO `sys_dictionary_details` VALUES (21, '2023-05-29 08:20:03', '2023-05-29 08:20:03', NULL, 'mediumblob', 6, 1, 6, 5);
INSERT INTO `sys_dictionary_details` VALUES (22, '2023-05-29 08:20:03', '2023-05-29 08:20:03', NULL, 'mediumtext', 7, 1, 7, 5);
INSERT INTO `sys_dictionary_details` VALUES (23, '2023-05-29 08:20:03', '2023-05-29 08:20:03', NULL, 'longblob', 8, 1, 8, 5);
INSERT INTO `sys_dictionary_details` VALUES (24, '2023-05-29 08:20:03', '2023-05-29 08:20:03', NULL, 'longtext', 9, 1, 9, 5);
INSERT INTO `sys_dictionary_details` VALUES (25, '2023-05-29 08:20:03', '2023-05-29 08:20:03', NULL, 'tinyint', 0, 1, 0, 6);

-- ----------------------------
-- Table structure for sys_operation_records
-- ----------------------------
DROP TABLE IF EXISTS `sys_operation_records`;
CREATE TABLE `sys_operation_records`  (
  `id` bigint(20) UNSIGNED NOT NULL AUTO_INCREMENT COMMENT '主键ID',
  `created_at` datetime(0) NULL DEFAULT NULL COMMENT '创建时间',
  `updated_at` datetime(0) NULL DEFAULT NULL COMMENT '更新时间',
  `deleted_at` datetime(3) NULL DEFAULT NULL COMMENT '删除时间',
  `ip` varchar(191) CHARACTER SET utf8mb4 COLLATE utf8mb4_unicode_ci NULL DEFAULT NULL COMMENT '请求ip',
  `method` varchar(191) CHARACTER SET utf8mb4 COLLATE utf8mb4_unicode_ci NULL DEFAULT NULL COMMENT '请求方法',
  `path` varchar(191) CHARACTER SET utf8mb4 COLLATE utf8mb4_unicode_ci NULL DEFAULT NULL COMMENT '请求路径',
  `status` bigint(20) NULL DEFAULT NULL COMMENT '请求状态',
  `latency` bigint(20) NULL DEFAULT NULL COMMENT '延迟',
  `agent` varchar(191) CHARACTER SET utf8mb4 COLLATE utf8mb4_unicode_ci NULL DEFAULT NULL COMMENT '代理',
  `error_message` varchar(191) CHARACTER SET utf8mb4 COLLATE utf8mb4_unicode_ci NULL DEFAULT NULL COMMENT '错误信息',
  `body` text CHARACTER SET utf8mb4 COLLATE utf8mb4_unicode_ci NULL COMMENT '请求Body',
  `resp` text CHARACTER SET utf8mb4 COLLATE utf8mb4_unicode_ci NULL COMMENT '响应Body',
  `user_id` bigint(20) UNSIGNED NULL DEFAULT NULL COMMENT '用户id',
  PRIMARY KEY (`id`) USING BTREE,
  INDEX `idx_sys_operation_records_deleted_at`(`deleted_at`) USING BTREE
) ENGINE = InnoDB AUTO_INCREMENT = 43 CHARACTER SET = utf8mb4 COLLATE = utf8mb4_unicode_ci ROW_FORMAT = Dynamic;

-- ----------------------------
-- Records of sys_operation_records
-- ----------------------------
INSERT INTO `sys_operation_records` VALUES (1, '2023-05-29 08:21:02', '2023-05-29 08:21:02', NULL, '127.0.0.1', 'POST', '/user/setUserAuthorities', 200, 4196300, 'Mozilla/5.0 (Windows NT 10.0; Win64; x64) AppleWebKit/537.36 (KHTML, like Gecko) Chrome/115.0.0.0 Safari/537.36', '', '{\"authorityIds\":[888,8881,9528]}', '{\"code\":7,\"data\":{},\"msg\":\"修改失败\"}', 1);
INSERT INTO `sys_operation_records` VALUES (2, '2023-05-29 08:21:07', '2023-05-29 08:21:07', NULL, '127.0.0.1', 'POST', '/user/setUserAuthorities', 200, 2129800, 'Mozilla/5.0 (Windows NT 10.0; Win64; x64) AppleWebKit/537.36 (KHTML, like Gecko) Chrome/115.0.0.0 Safari/537.36', '', '{\"authorityIds\":[888,8881,9528]}', '{\"code\":7,\"data\":{},\"msg\":\"修改失败\"}', 1);
INSERT INTO `sys_operation_records` VALUES (3, '2023-05-29 08:22:32', '2023-05-29 08:22:32', NULL, '127.0.0.1', 'POST', '/casbin/updateCasbin', 200, 14008500, 'Mozilla/5.0 (Windows NT 10.0; Win64; x64) AppleWebKit/537.36 (KHTML, like Gecko) Chrome/115.0.0.0 Safari/537.36', '', '{\"authorityId\":888,\"casbinInfos\":[{\"path\":\"/base/login\",\"method\":\"POST\"},{\"path\":\"/jwt/jsonInBlacklist\",\"method\":\"POST\"},{\"path\":\"/user/deleteUser\",\"method\":\"DELETE\"},{\"path\":\"/user/admin_register\",\"method\":\"POST\"},{\"path\":\"/user/getUserList\",\"method\":\"POST\"},{\"path\":\"/user/setUserInfo\",\"method\":\"PUT\"},{\"path\":\"/user/setSelfInfo\",\"method\":\"PUT\"},{\"path\":\"/user/getUserInfo\",\"method\":\"GET\"},{\"path\":\"/user/setUserAuthorities\",\"method\":\"POST\"},{\"path\":\"/user/changePassword\",\"method\":\"POST\"},{\"path\":\"/user/setUserAuthority\",\"method\":\"POST\"},{\"path\":\"/user/resetPassword\",\"method\":\"POST\"},{\"path\":\"/api/createApi\",\"method\":\"POST\"},{\"path\":\"/api/deleteApi\",\"method\":\"POST\"},{\"path\":\"/api/updateApi\",\"method\":\"POST\"},{\"path\":\"/api/getApiList\",\"method\":\"POST\"},{\"path\":\"/api/getAllApis\",\"method\":\"POST\"},{\"path\":\"/api/getApiById\",\"method\":\"POST\"},{\"path\":\"/api/deleteApisByIds\",\"method\":\"DELETE\"},{\"path\":\"/authority/copyAuthority\",\"method\":\"POST\"},{\"path\":\"/authority/createAuthority\",\"method\":\"POST\"},{\"path\":\"/authority/deleteAuthority\",\"method\":\"POST\"},{\"path\":\"/authority/updateAuthority\",\"method\":\"PUT\"},{\"path\":\"/authority/getAuthorityList\",\"method\":\"POST\"},{\"path\":\"/authority/setDataAuthority\",\"method\":\"POST\"},{\"path\":\"/casbin/updateCasbin\",\"method\":\"POST\"},{\"path\":\"/casbin/getPolicyPathByAuthorityId\",\"method\":\"POST\"},{\"path\":\"/menu/addBaseMenu\",\"method\":\"POST\"},{\"path\":\"/menu/getMenu\",\"method\":\"POST\"},{\"path\":\"/menu/deleteBaseMenu\",\"method\":\"POST\"},{\"path\":\"/menu/updateBaseMenu\",\"method\":\"POST\"},{\"path\":\"/menu/getBaseMenuById\",\"method\":\"POST\"},{\"path\":\"/menu/getMenuList\",\"method\":\"POST\"},{\"path\":\"/menu/getBaseMenuTree\",\"method\":\"POST\"},{\"path\":\"/menu/getMenuAuthority\",\"method\":\"POST\"},{\"path\":\"/menu/addMenuAuthority\",\"method\":\"POST\"},{\"path\":\"/fileUploadAndDownload/findFile\",\"method\":\"GET\"},{\"path\":\"/fileUploadAndDownload/breakpointContinue\",\"method\":\"POST\"},{\"path\":\"/fileUploadAndDownload/breakpointContinueFinish\",\"method\":\"POST\"},{\"path\":\"/fileUploadAndDownload/removeChunk\",\"method\":\"POST\"},{\"path\":\"/fileUploadAndDownload/upload\",\"method\":\"POST\"},{\"path\":\"/fileUploadAndDownload/deleteFile\",\"method\":\"POST\"},{\"path\":\"/fileUploadAndDownload/editFileName\",\"method\":\"POST\"},{\"path\":\"/fileUploadAndDownload/getFileList\",\"method\":\"POST\"},{\"path\":\"/system/getServerInfo\",\"method\":\"POST\"},{\"path\":\"/system/getSystemConfig\",\"method\":\"POST\"},{\"path\":\"/system/setSystemConfig\",\"method\":\"POST\"},{\"path\":\"/customer/customer\",\"method\":\"PUT\"},{\"path\":\"/customer/customer\",\"method\":\"POST\"},{\"path\":\"/customer/customer\",\"method\":\"DELETE\"},{\"path\":\"/customer/customer\",\"method\":\"GET\"},{\"path\":\"/customer/customerList\",\"method\":\"GET\"},{\"path\":\"/autoCode/getDB\",\"method\":\"GET\"},{\"path\":\"/autoCode/getTables\",\"method\":\"GET\"},{\"path\":\"/autoCode/createTemp\",\"method\":\"POST\"},{\"path\":\"/autoCode/preview\",\"method\":\"POST\"},{\"path\":\"/autoCode/getColumn\",\"method\":\"GET\"},{\"path\":\"/autoCode/createPlug\",\"method\":\"POST\"},{\"path\":\"/autoCode/installPlugin\",\"method\":\"POST\"},{\"path\":\"/autoCode/createPackage\",\"method\":\"POST\"},{\"path\":\"/autoCode/getPackage\",\"method\":\"POST\"},{\"path\":\"/autoCode/delPackage\",\"method\":\"POST\"},{\"path\":\"/autoCode/getMeta\",\"method\":\"POST\"},{\"path\":\"/autoCode/rollback\",\"method\":\"POST\"},{\"path\":\"/autoCode/getSysHistory\",\"method\":\"POST\"},{\"path\":\"/autoCode/delSysHistory\",\"method\":\"POST\"},{\"path\":\"/sysDictionaryDetail/updateSysDictionaryDetail\",\"method\":\"PUT\"},{\"path\":\"/sysDictionaryDetail/createSysDictionaryDetail\",\"method\":\"POST\"},{\"path\":\"/sysDictionaryDetail/deleteSysDictionaryDetail\",\"method\":\"DELETE\"},{\"path\":\"/sysDictionaryDetail/findSysDictionaryDetail\",\"method\":\"GET\"},{\"path\":\"/sysDictionaryDetail/getSysDictionaryDetailList\",\"method\":\"GET\"},{\"path\":\"/sysDictionary/createSysDictionary\",\"method\":\"POST\"},{\"path\":\"/sysDictionary/deleteSysDictionary\",\"method\":\"DELETE\"},{\"path\":\"/sysDictionary/updateSysDictionary\",\"method\":\"PUT\"},{\"path\":\"/sysDictionary/findSysDictionary\",\"method\":\"GET\"},{\"path\":\"/sysDictionary/getSysDictionaryList\",\"method\":\"GET\"},{\"path\":\"/sysOperationRecord/createSysOperationRecord\",\"method\":\"POST\"},{\"path\":\"/sysOperationRecord/findSysOperationRecord\",\"method\":\"GET\"},{\"path\":\"/sysOperationRecord/getSysOperationRecordList\",\"method\":\"GET\"},{\"path\":\"/sysOperationRecord/deleteSysOperationRecord\",\"method\":\"DELETE\"},{\"path\":\"/sysOperationRecord/deleteSysOperationRecordByIds\",\"method\":\"DELETE\"},{\"path\":\"/simpleUploader/upload\",\"method\":\"POST\"},{\"path\":\"/simpleUploader/checkFileMd5\",\"method\":\"GET\"},{\"path\":\"/simpleUploader/mergeFileMd5\",\"method\":\"GET\"},{\"path\":\"/email/emailTest\",\"method\":\"POST\"},{\"path\":\"/email/emailSend\",\"method\":\"POST\"},{\"path\":\"/authorityBtn/setAuthorityBtn\",\"method\":\"POST\"},{\"path\":\"/authorityBtn/getAuthorityBtn\",\"method\":\"POST\"},{\"path\":\"/authorityBtn/canRemoveAuthorityBtn\",\"method\":\"POST\"},{\"path\":\"/chatGpt/getTable\",\"method\":\"POST\"},{\"path\":\"/chatGpt/createSK\",\"method\":\"POST\"},{\"path\":\"/chatGpt/getSK\",\"method\":\"GET\"},{\"path\":\"/chatGpt/deleteSK\",\"method\":\"DELETE\"}]}', '{\"code\":0,\"data\":{},\"msg\":\"更新成功\"}', 1);
INSERT INTO `sys_operation_records` VALUES (4, '2023-05-29 08:22:37', '2023-05-29 08:22:37', NULL, '127.0.0.1', 'POST', '/authority/setDataAuthority', 200, 3361300, 'Mozilla/5.0 (Windows NT 10.0; Win64; x64) AppleWebKit/537.36 (KHTML, like Gecko) Chrome/115.0.0.0 Safari/537.36', '', '{\"CreatedAt\":\"2023-05-29T08:20:02.493+08:00\",\"UpdatedAt\":\"2023-05-29T08:20:02.71+08:00\",\"DeletedAt\":null,\"authorityId\":888,\"authorityName\":\"普通用户\",\"parentId\":0,\"dataAuthorityId\":[{\"authorityId\":888,\"authorityName\":\"普通用户\"},{\"authorityId\":8881,\"authorityName\":\"普通用户子角色\"},{\"authorityId\":9528,\"authorityName\":\"测试角色\"}],\"children\":[{\"CreatedAt\":\"2023-05-29T08:20:02.493+08:00\",\"UpdatedAt\":\"2023-05-29T08:20:02.717+08:00\",\"DeletedAt\":null,\"authorityId\":8881,\"authorityName\":\"普通用户子角色\",\"parentId\":888,\"dataAuthorityId\":[],\"children\":[],\"menus\":null,\"defaultRouter\":\"dashboard\"}],\"menus\":null,\"defaultRouter\":\"dashboard\"}', '{\"code\":0,\"data\":{},\"msg\":\"设置成功\"}', 1);
INSERT INTO `sys_operation_records` VALUES (5, '2023-05-29 08:22:46', '2023-05-29 08:22:46', NULL, '127.0.0.1', 'POST', '/menu/addMenuAuthority', 200, 6036800, 'Mozilla/5.0 (Windows NT 10.0; Win64; x64) AppleWebKit/537.36 (KHTML, like Gecko) Chrome/115.0.0.0 Safari/537.36', '', '{\"menus\":[{\"id\":23,\"createdAt\":\"2023-05-29T08:20:03+08:00\",\"updatedAt\":\"2023-05-29T08:20:03+08:00\",\"parentId\":\"0\",\"path\":\"https://www.gin-vue-admin.com\",\"name\":\"https://www.gin-vue-admin.com\",\"hidden\":false,\"component\":\"/\",\"sort\":0,\"meta\":{\"activeName\":\"\",\"keepAlive\":false,\"defaultMenu\":false,\"title\":\"官方网站\",\"icon\":\"home-filled\",\"closeTab\":false},\"authoritys\":null,\"children\":null,\"parameters\":[],\"menuBtn\":[]},{\"id\":1,\"createdAt\":\"2023-05-29T08:20:03+08:00\",\"updatedAt\":\"2023-05-29T08:20:03+08:00\",\"parentId\":\"0\",\"path\":\"dashboard\",\"name\":\"dashboard\",\"hidden\":false,\"component\":\"view/dashboard/index.vue\",\"sort\":1,\"meta\":{\"activeName\":\"\",\"keepAlive\":false,\"defaultMenu\":false,\"title\":\"仪表盘\",\"icon\":\"odometer\",\"closeTab\":false},\"authoritys\":null,\"children\":null,\"parameters\":[],\"menuBtn\":[]},{\"id\":3,\"createdAt\":\"2023-05-29T08:20:03+08:00\",\"updatedAt\":\"2023-05-29T08:20:03+08:00\",\"parentId\":\"0\",\"path\":\"admin\",\"name\":\"superAdmin\",\"hidden\":false,\"component\":\"view/superAdmin/index.vue\",\"sort\":3,\"meta\":{\"activeName\":\"\",\"keepAlive\":false,\"defaultMenu\":false,\"title\":\"超级管理员\",\"icon\":\"user\",\"closeTab\":false},\"authoritys\":null,\"children\":[{\"id\":4,\"createdAt\":\"2023-05-29T08:20:03+08:00\",\"updatedAt\":\"2023-05-29T08:20:03+08:00\",\"parentId\":\"3\",\"path\":\"authority\",\"name\":\"authority\",\"hidden\":false,\"component\":\"view/superAdmin/authority/authority.vue\",\"sort\":1,\"meta\":{\"activeName\":\"\",\"keepAlive\":false,\"defaultMenu\":false,\"title\":\"角色管理\",\"icon\":\"avatar\",\"closeTab\":false},\"authoritys\":null,\"children\":null,\"parameters\":[],\"menuBtn\":[]},{\"id\":9,\"createdAt\":\"2023-05-29T08:20:03+08:00\",\"updatedAt\":\"2023-05-29T08:20:03+08:00\",\"parentId\":\"3\",\"path\":\"dictionaryDetail/:id\",\"name\":\"dictionaryDetail\",\"hidden\":true,\"component\":\"view/superAdmin/dictionary/sysDictionaryDetail.vue\",\"sort\":1,\"meta\":{\"activeName\":\"dictionary\",\"keepAlive\":false,\"defaultMenu\":false,\"title\":\"字典详情-${id}\",\"icon\":\"list\",\"closeTab\":false},\"authoritys\":null,\"children\":null,\"parameters\":[],\"menuBtn\":[]},{\"id\":5,\"createdAt\":\"2023-05-29T08:20:03+08:00\",\"updatedAt\":\"2023-05-29T08:20:03+08:00\",\"parentId\":\"3\",\"path\":\"menu\",\"name\":\"menu\",\"hidden\":false,\"component\":\"view/superAdmin/menu/menu.vue\",\"sort\":2,\"meta\":{\"activeName\":\"\",\"keepAlive\":true,\"defaultMenu\":false,\"title\":\"菜单管理\",\"icon\":\"tickets\",\"closeTab\":false},\"authoritys\":null,\"children\":null,\"parameters\":[],\"menuBtn\":[]},{\"id\":6,\"createdAt\":\"2023-05-29T08:20:03+08:00\",\"updatedAt\":\"2023-05-29T08:20:03+08:00\",\"parentId\":\"3\",\"path\":\"api\",\"name\":\"api\",\"hidden\":false,\"component\":\"view/superAdmin/api/api.vue\",\"sort\":3,\"meta\":{\"activeName\":\"\",\"keepAlive\":true,\"defaultMenu\":false,\"title\":\"api管理\",\"icon\":\"platform\",\"closeTab\":false},\"authoritys\":null,\"children\":null,\"parameters\":[],\"menuBtn\":[]},{\"id\":7,\"createdAt\":\"2023-05-29T08:20:03+08:00\",\"updatedAt\":\"2023-05-29T08:20:03+08:00\",\"parentId\":\"3\",\"path\":\"user\",\"name\":\"user\",\"hidden\":false,\"component\":\"view/superAdmin/user/user.vue\",\"sort\":4,\"meta\":{\"activeName\":\"\",\"keepAlive\":false,\"defaultMenu\":false,\"title\":\"用户管理\",\"icon\":\"coordinate\",\"closeTab\":false},\"authoritys\":null,\"children\":null,\"parameters\":[],\"menuBtn\":[]},{\"id\":8,\"createdAt\":\"2023-05-29T08:20:03+08:00\",\"updatedAt\":\"2023-05-29T08:20:03+08:00\",\"parentId\":\"3\",\"path\":\"dictionary\",\"name\":\"dictionary\",\"hidden\":false,\"component\":\"view/superAdmin/dictionary/sysDictionary.vue\",\"sort\":5,\"meta\":{\"activeName\":\"\",\"keepAlive\":false,\"defaultMenu\":false,\"title\":\"字典管理\",\"icon\":\"notebook\",\"closeTab\":false},\"authoritys\":null,\"children\":null,\"parameters\":[],\"menuBtn\":[]},{\"id\":10,\"createdAt\":\"2023-05-29T08:20:03+08:00\",\"updatedAt\":\"2023-05-29T08:20:03+08:00\",\"parentId\":\"3\",\"path\":\"operation\",\"name\":\"operation\",\"hidden\":false,\"component\":\"view/superAdmin/operation/sysOperationRecord.vue\",\"sort\":6,\"meta\":{\"activeName\":\"\",\"keepAlive\":false,\"defaultMenu\":false,\"title\":\"操作历史\",\"icon\":\"pie-chart\",\"closeTab\":false},\"authoritys\":null,\"children\":null,\"parameters\":[],\"menuBtn\":[]}],\"parameters\":[],\"menuBtn\":[]},{\"id\":4,\"createdAt\":\"2023-05-29T08:20:03+08:00\",\"updatedAt\":\"2023-05-29T08:20:03+08:00\",\"parentId\":\"3\",\"path\":\"authority\",\"name\":\"authority\",\"hidden\":false,\"component\":\"view/superAdmin/authority/authority.vue\",\"sort\":1,\"meta\":{\"activeName\":\"\",\"keepAlive\":false,\"defaultMenu\":false,\"title\":\"角色管理\",\"icon\":\"avatar\",\"closeTab\":false},\"authoritys\":null,\"children\":null,\"parameters\":[],\"menuBtn\":[]},{\"id\":9,\"createdAt\":\"2023-05-29T08:20:03+08:00\",\"updatedAt\":\"2023-05-29T08:20:03+08:00\",\"parentId\":\"3\",\"path\":\"dictionaryDetail/:id\",\"name\":\"dictionaryDetail\",\"hidden\":true,\"component\":\"view/superAdmin/dictionary/sysDictionaryDetail.vue\",\"sort\":1,\"meta\":{\"activeName\":\"dictionary\",\"keepAlive\":false,\"defaultMenu\":false,\"title\":\"字典详情-${id}\",\"icon\":\"list\",\"closeTab\":false},\"authoritys\":null,\"children\":null,\"parameters\":[],\"menuBtn\":[]},{\"id\":5,\"createdAt\":\"2023-05-29T08:20:03+08:00\",\"updatedAt\":\"2023-05-29T08:20:03+08:00\",\"parentId\":\"3\",\"path\":\"menu\",\"name\":\"menu\",\"hidden\":false,\"component\":\"view/superAdmin/menu/menu.vue\",\"sort\":2,\"meta\":{\"activeName\":\"\",\"keepAlive\":true,\"defaultMenu\":false,\"title\":\"菜单管理\",\"icon\":\"tickets\",\"closeTab\":false},\"authoritys\":null,\"children\":null,\"parameters\":[],\"menuBtn\":[]},{\"id\":6,\"createdAt\":\"2023-05-29T08:20:03+08:00\",\"updatedAt\":\"2023-05-29T08:20:03+08:00\",\"parentId\":\"3\",\"path\":\"api\",\"name\":\"api\",\"hidden\":false,\"component\":\"view/superAdmin/api/api.vue\",\"sort\":3,\"meta\":{\"activeName\":\"\",\"keepAlive\":true,\"defaultMenu\":false,\"title\":\"api管理\",\"icon\":\"platform\",\"closeTab\":false},\"authoritys\":null,\"children\":null,\"parameters\":[],\"menuBtn\":[]},{\"id\":7,\"createdAt\":\"2023-05-29T08:20:03+08:00\",\"updatedAt\":\"2023-05-29T08:20:03+08:00\",\"parentId\":\"3\",\"path\":\"user\",\"name\":\"user\",\"hidden\":false,\"component\":\"view/superAdmin/user/user.vue\",\"sort\":4,\"meta\":{\"activeName\":\"\",\"keepAlive\":false,\"defaultMenu\":false,\"title\":\"用户管理\",\"icon\":\"coordinate\",\"closeTab\":false},\"authoritys\":null,\"children\":null,\"parameters\":[],\"menuBtn\":[]},{\"id\":8,\"createdAt\":\"2023-05-29T08:20:03+08:00\",\"updatedAt\":\"2023-05-29T08:20:03+08:00\",\"parentId\":\"3\",\"path\":\"dictionary\",\"name\":\"dictionary\",\"hidden\":false,\"component\":\"view/superAdmin/dictionary/sysDictionary.vue\",\"sort\":5,\"meta\":{\"activeName\":\"\",\"keepAlive\":false,\"defaultMenu\":false,\"title\":\"字典管理\",\"icon\":\"notebook\",\"closeTab\":false},\"authoritys\":null,\"children\":null,\"parameters\":[],\"menuBtn\":[]},{\"id\":10,\"createdAt\":\"2023-05-29T08:20:03+08:00\",\"updatedAt\":\"2023-05-29T08:20:03+08:00\",\"parentId\":\"3\",\"path\":\"operation\",\"name\":\"operation\",\"hidden\":false,\"component\":\"view/superAdmin/operation/sysOperationRecord.vue\",\"sort\":6,\"meta\":{\"activeName\":\"\",\"keepAlive\":false,\"defaultMenu\":false,\"title\":\"操作历史\",\"icon\":\"pie-chart\",\"closeTab\":false},\"authoritys\":null,\"children\":null,\"parameters\":[],\"menuBtn\":[]},{\"id\":11,\"createdAt\":\"2023-05-29T08:20:03+08:00\",\"updatedAt\":\"2023-05-29T08:20:03+08:00\",\"parentId\":\"0\",\"path\":\"person\",\"name\":\"person\",\"hidden\":true,\"component\":\"view/person/person.vue\",\"sort\":4,\"meta\":{\"activeName\":\"\",\"keepAlive\":false,\"defaultMenu\":false,\"title\":\"个人信息\",\"icon\":\"message\",\"closeTab\":false},\"authoritys\":null,\"children\":null,\"parameters\":[],\"menuBtn\":[]},{\"id\":16,\"createdAt\":\"2023-05-29T08:20:03+08:00\",\"updatedAt\":\"2023-05-29T08:20:03+08:00\",\"parentId\":\"0\",\"path\":\"systemTools\",\"name\":\"systemTools\",\"hidden\":false,\"component\":\"view/systemTools/index.vue\",\"sort\":5,\"meta\":{\"activeName\":\"\",\"keepAlive\":false,\"defaultMenu\":false,\"title\":\"系统工具\",\"icon\":\"tools\",\"closeTab\":false},\"authoritys\":null,\"children\":[{\"id\":21,\"createdAt\":\"2023-05-29T08:20:03+08:00\",\"updatedAt\":\"2023-05-29T08:20:03+08:00\",\"parentId\":\"16\",\"path\":\"autoCodeEdit/:id\",\"name\":\"autoCodeEdit\",\"hidden\":true,\"component\":\"view/systemTools/autoCode/index.vue\",\"sort\":0,\"meta\":{\"activeName\":\"\",\"keepAlive\":false,\"defaultMenu\":false,\"title\":\"自动化代码-${id}\",\"icon\":\"magic-stick\",\"closeTab\":false},\"authoritys\":null,\"children\":null,\"parameters\":[],\"menuBtn\":[]},{\"id\":22,\"createdAt\":\"2023-05-29T08:20:03+08:00\",\"updatedAt\":\"2023-05-29T08:20:03+08:00\",\"parentId\":\"16\",\"path\":\"autoPkg\",\"name\":\"autoPkg\",\"hidden\":false,\"component\":\"view/systemTools/autoPkg/autoPkg.vue\",\"sort\":0,\"meta\":{\"activeName\":\"\",\"keepAlive\":false,\"defaultMenu\":false,\"title\":\"自动化package\",\"icon\":\"folder\",\"closeTab\":false},\"authoritys\":null,\"children\":null,\"parameters\":[],\"menuBtn\":[]},{\"id\":17,\"createdAt\":\"2023-05-29T08:20:03+08:00\",\"updatedAt\":\"2023-05-29T08:20:03+08:00\",\"parentId\":\"16\",\"path\":\"autoCode\",\"name\":\"autoCode\",\"hidden\":false,\"component\":\"view/systemTools/autoCode/index.vue\",\"sort\":1,\"meta\":{\"activeName\":\"\",\"keepAlive\":true,\"defaultMenu\":false,\"title\":\"代码生成器\",\"icon\":\"cpu\",\"closeTab\":false},\"authoritys\":null,\"children\":null,\"parameters\":[],\"menuBtn\":[]},{\"id\":20,\"createdAt\":\"2023-05-29T08:20:03+08:00\",\"updatedAt\":\"2023-05-29T08:20:03+08:00\",\"parentId\":\"16\",\"path\":\"autoCodeAdmin\",\"name\":\"autoCodeAdmin\",\"hidden\":false,\"component\":\"view/systemTools/autoCodeAdmin/index.vue\",\"sort\":1,\"meta\":{\"activeName\":\"\",\"keepAlive\":false,\"defaultMenu\":false,\"title\":\"自动化代码管理\",\"icon\":\"magic-stick\",\"closeTab\":false},\"authoritys\":null,\"children\":null,\"parameters\":[],\"menuBtn\":[]},{\"id\":18,\"createdAt\":\"2023-05-29T08:20:03+08:00\",\"updatedAt\":\"2023-05-29T08:20:03+08:00\",\"parentId\":\"16\",\"path\":\"formCreate\",\"name\":\"formCreate\",\"hidden\":false,\"component\":\"view/systemTools/formCreate/index.vue\",\"sort\":2,\"meta\":{\"activeName\":\"\",\"keepAlive\":true,\"defaultMenu\":false,\"title\":\"表单生成器\",\"icon\":\"magic-stick\",\"closeTab\":false},\"authoritys\":null,\"children\":null,\"parameters\":[],\"menuBtn\":[]},{\"id\":19,\"createdAt\":\"2023-05-29T08:20:03+08:00\",\"updatedAt\":\"2023-05-29T08:20:03+08:00\",\"parentId\":\"16\",\"path\":\"system\",\"name\":\"system\",\"hidden\":false,\"component\":\"view/systemTools/system/system.vue\",\"sort\":3,\"meta\":{\"activeName\":\"\",\"keepAlive\":false,\"defaultMenu\":false,\"title\":\"系统配置\",\"icon\":\"operation\",\"closeTab\":false},\"authoritys\":null,\"children\":null,\"parameters\":[],\"menuBtn\":[]},{\"id\":30,\"createdAt\":\"2023-05-29T08:20:03+08:00\",\"updatedAt\":\"2023-05-29T08:20:03+08:00\",\"parentId\":\"16\",\"path\":\"chatTable\",\"name\":\"chatTable\",\"hidden\":false,\"component\":\"view/chatgpt/chatTable.vue\",\"sort\":6,\"meta\":{\"activeName\":\"\",\"keepAlive\":false,\"defaultMenu\":false,\"title\":\"万用表格\",\"icon\":\"chat-dot-square\",\"closeTab\":false},\"authoritys\":null,\"children\":null,\"parameters\":[],\"menuBtn\":[]}],\"parameters\":[],\"menuBtn\":[]},{\"id\":21,\"createdAt\":\"2023-05-29T08:20:03+08:00\",\"updatedAt\":\"2023-05-29T08:20:03+08:00\",\"parentId\":\"16\",\"path\":\"autoCodeEdit/:id\",\"name\":\"autoCodeEdit\",\"hidden\":true,\"component\":\"view/systemTools/autoCode/index.vue\",\"sort\":0,\"meta\":{\"activeName\":\"\",\"keepAlive\":false,\"defaultMenu\":false,\"title\":\"自动化代码-${id}\",\"icon\":\"magic-stick\",\"closeTab\":false},\"authoritys\":null,\"children\":null,\"parameters\":[],\"menuBtn\":[]},{\"id\":22,\"createdAt\":\"2023-05-29T08:20:03+08:00\",\"updatedAt\":\"2023-05-29T08:20:03+08:00\",\"parentId\":\"16\",\"path\":\"autoPkg\",\"name\":\"autoPkg\",\"hidden\":false,\"component\":\"view/systemTools/autoPkg/autoPkg.vue\",\"sort\":0,\"meta\":{\"activeName\":\"\",\"keepAlive\":false,\"defaultMenu\":false,\"title\":\"自动化package\",\"icon\":\"folder\",\"closeTab\":false},\"authoritys\":null,\"children\":null,\"parameters\":[],\"menuBtn\":[]},{\"id\":17,\"createdAt\":\"2023-05-29T08:20:03+08:00\",\"updatedAt\":\"2023-05-29T08:20:03+08:00\",\"parentId\":\"16\",\"path\":\"autoCode\",\"name\":\"autoCode\",\"hidden\":false,\"component\":\"view/systemTools/autoCode/index.vue\",\"sort\":1,\"meta\":{\"activeName\":\"\",\"keepAlive\":true,\"defaultMenu\":false,\"title\":\"代码生成器\",\"icon\":\"cpu\",\"closeTab\":false},\"authoritys\":null,\"children\":null,\"parameters\":[],\"menuBtn\":[]},{\"id\":20,\"createdAt\":\"2023-05-29T08:20:03+08:00\",\"updatedAt\":\"2023-05-29T08:20:03+08:00\",\"parentId\":\"16\",\"path\":\"autoCodeAdmin\",\"name\":\"autoCodeAdmin\",\"hidden\":false,\"component\":\"view/systemTools/autoCodeAdmin/index.vue\",\"sort\":1,\"meta\":{\"activeName\":\"\",\"keepAlive\":false,\"defaultMenu\":false,\"title\":\"自动化代码管理\",\"icon\":\"magic-stick\",\"closeTab\":false},\"authoritys\":null,\"children\":null,\"parameters\":[],\"menuBtn\":[]},{\"id\":18,\"createdAt\":\"2023-05-29T08:20:03+08:00\",\"updatedAt\":\"2023-05-29T08:20:03+08:00\",\"parentId\":\"16\",\"path\":\"formCreate\",\"name\":\"formCreate\",\"hidden\":false,\"component\":\"view/systemTools/formCreate/index.vue\",\"sort\":2,\"meta\":{\"activeName\":\"\",\"keepAlive\":true,\"defaultMenu\":false,\"title\":\"表单生成器\",\"icon\":\"magic-stick\",\"closeTab\":false},\"authoritys\":null,\"children\":null,\"parameters\":[],\"menuBtn\":[]},{\"id\":19,\"createdAt\":\"2023-05-29T08:20:03+08:00\",\"updatedAt\":\"2023-05-29T08:20:03+08:00\",\"parentId\":\"16\",\"path\":\"system\",\"name\":\"system\",\"hidden\":false,\"component\":\"view/systemTools/system/system.vue\",\"sort\":3,\"meta\":{\"activeName\":\"\",\"keepAlive\":false,\"defaultMenu\":false,\"title\":\"系统配置\",\"icon\":\"operation\",\"closeTab\":false},\"authoritys\":null,\"children\":null,\"parameters\":[],\"menuBtn\":[]},{\"id\":30,\"createdAt\":\"2023-05-29T08:20:03+08:00\",\"updatedAt\":\"2023-05-29T08:20:03+08:00\",\"parentId\":\"16\",\"path\":\"chatTable\",\"name\":\"chatTable\",\"hidden\":false,\"component\":\"view/chatgpt/chatTable.vue\",\"sort\":6,\"meta\":{\"activeName\":\"\",\"keepAlive\":false,\"defaultMenu\":false,\"title\":\"万用表格\",\"icon\":\"chat-dot-square\",\"closeTab\":false},\"authoritys\":null,\"children\":null,\"parameters\":[],\"menuBtn\":[]},{\"id\":25,\"createdAt\":\"2023-05-29T08:20:03+08:00\",\"updatedAt\":\"2023-05-29T08:20:03+08:00\",\"parentId\":\"0\",\"path\":\"plugin\",\"name\":\"plugin\",\"hidden\":false,\"component\":\"view/routerHolder.vue\",\"sort\":6,\"meta\":{\"activeName\":\"\",\"keepAlive\":false,\"defaultMenu\":false,\"title\":\"插件系统\",\"icon\":\"cherry\",\"closeTab\":false},\"authoritys\":null,\"children\":[{\"id\":26,\"createdAt\":\"2023-05-29T08:20:03+08:00\",\"updatedAt\":\"2023-05-29T08:20:03+08:00\",\"parentId\":\"25\",\"path\":\"https://plugin.gin-vue-admin.com/\",\"name\":\"https://plugin.gin-vue-admin.com/\",\"hidden\":false,\"component\":\"https://plugin.gin-vue-admin.com/\",\"sort\":0,\"meta\":{\"activeName\":\"\",\"keepAlive\":false,\"defaultMenu\":false,\"title\":\"插件市场\",\"icon\":\"shop\",\"closeTab\":false},\"authoritys\":null,\"children\":null,\"parameters\":[],\"menuBtn\":[]},{\"id\":27,\"createdAt\":\"2023-05-29T08:20:03+08:00\",\"updatedAt\":\"2023-05-29T08:20:03+08:00\",\"parentId\":\"25\",\"path\":\"installPlugin\",\"name\":\"installPlugin\",\"hidden\":false,\"component\":\"view/systemTools/installPlugin/index.vue\",\"sort\":1,\"meta\":{\"activeName\":\"\",\"keepAlive\":false,\"defaultMenu\":false,\"title\":\"插件安装\",\"icon\":\"box\",\"closeTab\":false},\"authoritys\":null,\"children\":null,\"parameters\":[],\"menuBtn\":[]},{\"id\":28,\"createdAt\":\"2023-05-29T08:20:03+08:00\",\"updatedAt\":\"2023-05-29T08:20:03+08:00\",\"parentId\":\"25\",\"path\":\"autoPlug\",\"name\":\"autoPlug\",\"hidden\":false,\"component\":\"view/systemTools/autoPlug/autoPlug.vue\",\"sort\":2,\"meta\":{\"activeName\":\"\",\"keepAlive\":false,\"defaultMenu\":false,\"title\":\"插件模板\",\"icon\":\"folder\",\"closeTab\":false},\"authoritys\":null,\"children\":null,\"parameters\":[],\"menuBtn\":[]},{\"id\":29,\"createdAt\":\"2023-05-29T08:20:03+08:00\",\"updatedAt\":\"2023-05-29T08:20:03+08:00\",\"parentId\":\"25\",\"path\":\"plugin-email\",\"name\":\"plugin-email\",\"hidden\":false,\"component\":\"plugin/email/view/index.vue\",\"sort\":3,\"meta\":{\"activeName\":\"\",\"keepAlive\":false,\"defaultMenu\":false,\"title\":\"邮件插件\",\"icon\":\"message\",\"closeTab\":false},\"authoritys\":null,\"children\":null,\"parameters\":[],\"menuBtn\":[]}],\"parameters\":[],\"menuBtn\":[]},{\"id\":26,\"createdAt\":\"2023-05-29T08:20:03+08:00\",\"updatedAt\":\"2023-05-29T08:20:03+08:00\",\"parentId\":\"25\",\"path\":\"https://plugin.gin-vue-admin.com/\",\"name\":\"https://plugin.gin-vue-admin.com/\",\"hidden\":false,\"component\":\"https://plugin.gin-vue-admin.com/\",\"sort\":0,\"meta\":{\"activeName\":\"\",\"keepAlive\":false,\"defaultMenu\":false,\"title\":\"插件市场\",\"icon\":\"shop\",\"closeTab\":false},\"authoritys\":null,\"children\":null,\"parameters\":[],\"menuBtn\":[]},{\"id\":27,\"createdAt\":\"2023-05-29T08:20:03+08:00\",\"updatedAt\":\"2023-05-29T08:20:03+08:00\",\"parentId\":\"25\",\"path\":\"installPlugin\",\"name\":\"installPlugin\",\"hidden\":false,\"component\":\"view/systemTools/installPlugin/index.vue\",\"sort\":1,\"meta\":{\"activeName\":\"\",\"keepAlive\":false,\"defaultMenu\":false,\"title\":\"插件安装\",\"icon\":\"box\",\"closeTab\":false},\"authoritys\":null,\"children\":null,\"parameters\":[],\"menuBtn\":[]},{\"id\":28,\"createdAt\":\"2023-05-29T08:20:03+08:00\",\"updatedAt\":\"2023-05-29T08:20:03+08:00\",\"parentId\":\"25\",\"path\":\"autoPlug\",\"name\":\"autoPlug\",\"hidden\":false,\"component\":\"view/systemTools/autoPlug/autoPlug.vue\",\"sort\":2,\"meta\":{\"activeName\":\"\",\"keepAlive\":false,\"defaultMenu\":false,\"title\":\"插件模板\",\"icon\":\"folder\",\"closeTab\":false},\"authoritys\":null,\"children\":null,\"parameters\":[],\"menuBtn\":[]},{\"id\":29,\"createdAt\":\"2023-05-29T08:20:03+08:00\",\"updatedAt\":\"2023-05-29T08:20:03+08:00\",\"parentId\":\"25\",\"path\":\"plugin-email\",\"name\":\"plugin-email\",\"hidden\":false,\"component\":\"plugin/email/view/index.vue\",\"sort\":3,\"meta\":{\"activeName\":\"\",\"keepAlive\":false,\"defaultMenu\":false,\"title\":\"邮件插件\",\"icon\":\"message\",\"closeTab\":false},\"authoritys\":null,\"children\":null,\"parameters\":[],\"menuBtn\":[]},{\"id\":12,\"createdAt\":\"2023-05-29T08:20:03+08:00\",\"updatedAt\":\"2023-05-29T08:20:03+08:00\",\"parentId\":\"0\",\"path\":\"example\",\"name\":\"example\",\"hidden\":false,\"component\":\"view/example/index.vue\",\"sort\":7,\"meta\":{\"activeName\":\"\",\"keepAlive\":false,\"defaultMenu\":false,\"title\":\"示例文件\",\"icon\":\"management\",\"closeTab\":false},\"authoritys\":null,\"children\":[{\"id\":13,\"createdAt\":\"2023-05-29T08:20:03+08:00\",\"updatedAt\":\"2023-05-29T08:20:03+08:00\",\"parentId\":\"12\",\"path\":\"upload\",\"name\":\"upload\",\"hidden\":false,\"component\":\"view/example/upload/upload.vue\",\"sort\":5,\"meta\":{\"activeName\":\"\",\"keepAlive\":false,\"defaultMenu\":false,\"title\":\"媒体库（上传下载）\",\"icon\":\"upload\",\"closeTab\":false},\"authoritys\":null,\"children\":null,\"parameters\":[],\"menuBtn\":[]},{\"id\":14,\"createdAt\":\"2023-05-29T08:20:03+08:00\",\"updatedAt\":\"2023-05-29T08:20:03+08:00\",\"parentId\":\"12\",\"path\":\"breakpoint\",\"name\":\"breakpoint\",\"hidden\":false,\"component\":\"view/example/breakpoint/breakpoint.vue\",\"sort\":6,\"meta\":{\"activeName\":\"\",\"keepAlive\":false,\"defaultMenu\":false,\"title\":\"断点续传\",\"icon\":\"upload-filled\",\"closeTab\":false},\"authoritys\":null,\"children\":null,\"parameters\":[],\"menuBtn\":[]},{\"id\":15,\"createdAt\":\"2023-05-29T08:20:03+08:00\",\"updatedAt\":\"2023-05-29T08:20:03+08:00\",\"parentId\":\"12\",\"path\":\"customer\",\"name\":\"customer\",\"hidden\":false,\"component\":\"view/example/customer/customer.vue\",\"sort\":7,\"meta\":{\"activeName\":\"\",\"keepAlive\":false,\"defaultMenu\":false,\"title\":\"客户列表（资源示例）\",\"icon\":\"avatar\",\"closeTab\":false},\"authoritys\":null,\"children\":null,\"parameters\":[],\"menuBtn\":[]}],\"parameters\":[],\"menuBtn\":[]},{\"id\":13,\"createdAt\":\"2023-05-29T08:20:03+08:00\",\"updatedAt\":\"2023-05-29T08:20:03+08:00\",\"parentId\":\"12\",\"path\":\"upload\",\"name\":\"upload\",\"hidden\":false,\"component\":\"view/example/upload/upload.vue\",\"sort\":5,\"meta\":{\"activeName\":\"\",\"keepAlive\":false,\"defaultMenu\":false,\"title\":\"媒体库（上传下载）\",\"icon\":\"upload\",\"closeTab\":false},\"authoritys\":null,\"children\":null,\"parameters\":[],\"menuBtn\":[]},{\"id\":14,\"createdAt\":\"2023-05-29T08:20:03+08:00\",\"updatedAt\":\"2023-05-29T08:20:03+08:00\",\"parentId\":\"12\",\"path\":\"breakpoint\",\"name\":\"breakpoint\",\"hidden\":false,\"component\":\"view/example/breakpoint/breakpoint.vue\",\"sort\":6,\"meta\":{\"activeName\":\"\",\"keepAlive\":false,\"defaultMenu\":false,\"title\":\"断点续传\",\"icon\":\"upload-filled\",\"closeTab\":false},\"authoritys\":null,\"children\":null,\"parameters\":[],\"menuBtn\":[]},{\"id\":15,\"createdAt\":\"2023-05-29T08:20:03+08:00\",\"updatedAt\":\"2023-05-29T08:20:03+08:00\",\"parentId\":\"12\",\"path\":\"customer\",\"name\":\"customer\",\"hidden\":false,\"component\":\"view/example/customer/customer.vue\",\"sort\":7,\"meta\":{\"activeName\":\"\",\"keepAlive\":false,\"defaultMenu\":false,\"title\":\"客户列表（资源示例）\",\"icon\":\"avatar\",\"closeTab\":false},\"authoritys\":null,\"children\":null,\"parameters\":[],\"menuBtn\":[]},{\"id\":24,\"createdAt\":\"2023-05-29T08:20:03+08:00\",\"updatedAt\":\"2023-05-29T08:20:03+08:00\",\"parentId\":\"0\",\"path\":\"state\",\"name\":\"state\",\"hidden\":false,\"component\":\"view/system/state.vue\",\"sort\":8,\"meta\":{\"activeName\":\"\",\"keepAlive\":false,\"defaultMenu\":false,\"title\":\"服务器状态\",\"icon\":\"cloudy\",\"closeTab\":false},\"authoritys\":null,\"children\":null,\"parameters\":[],\"menuBtn\":[]},{\"id\":2,\"createdAt\":\"2023-05-29T08:20:03+08:00\",\"updatedAt\":\"2023-05-29T08:20:03+08:00\",\"parentId\":\"0\",\"path\":\"about\",\"name\":\"about\",\"hidden\":false,\"component\":\"view/about/index.vue\",\"sort\":9,\"meta\":{\"activeName\":\"\",\"keepAlive\":false,\"defaultMenu\":false,\"title\":\"关于我们\",\"icon\":\"info-filled\",\"closeTab\":false},\"authoritys\":null,\"children\":null,\"parameters\":[],\"menuBtn\":[]}],\"authorityId\":888}', '{\"code\":0,\"data\":{},\"msg\":\"添加成功\"}', 1);
INSERT INTO `sys_operation_records` VALUES (6, '2023-05-29 08:22:49', '2023-05-29 08:22:49', NULL, '127.0.0.1', 'POST', '/menu/addMenuAuthority', 200, 5868100, 'Mozilla/5.0 (Windows NT 10.0; Win64; x64) AppleWebKit/537.36 (KHTML, like Gecko) Chrome/115.0.0.0 Safari/537.36', '', '{\"menus\":[{\"id\":23,\"createdAt\":\"2023-05-29T08:20:03+08:00\",\"updatedAt\":\"2023-05-29T08:20:03+08:00\",\"parentId\":\"0\",\"path\":\"https://www.gin-vue-admin.com\",\"name\":\"https://www.gin-vue-admin.com\",\"hidden\":false,\"component\":\"/\",\"sort\":0,\"meta\":{\"activeName\":\"\",\"keepAlive\":false,\"defaultMenu\":false,\"title\":\"官方网站\",\"icon\":\"home-filled\",\"closeTab\":false},\"authoritys\":null,\"children\":null,\"parameters\":[],\"menuBtn\":[]},{\"id\":1,\"createdAt\":\"2023-05-29T08:20:03+08:00\",\"updatedAt\":\"2023-05-29T08:20:03+08:00\",\"parentId\":\"0\",\"path\":\"dashboard\",\"name\":\"dashboard\",\"hidden\":false,\"component\":\"view/dashboard/index.vue\",\"sort\":1,\"meta\":{\"activeName\":\"\",\"keepAlive\":false,\"defaultMenu\":false,\"title\":\"仪表盘\",\"icon\":\"odometer\",\"closeTab\":false},\"authoritys\":null,\"children\":null,\"parameters\":[],\"menuBtn\":[]},{\"id\":3,\"createdAt\":\"2023-05-29T08:20:03+08:00\",\"updatedAt\":\"2023-05-29T08:20:03+08:00\",\"parentId\":\"0\",\"path\":\"admin\",\"name\":\"superAdmin\",\"hidden\":false,\"component\":\"view/superAdmin/index.vue\",\"sort\":3,\"meta\":{\"activeName\":\"\",\"keepAlive\":false,\"defaultMenu\":false,\"title\":\"超级管理员\",\"icon\":\"user\",\"closeTab\":false},\"authoritys\":null,\"children\":[{\"id\":4,\"createdAt\":\"2023-05-29T08:20:03+08:00\",\"updatedAt\":\"2023-05-29T08:20:03+08:00\",\"parentId\":\"3\",\"path\":\"authority\",\"name\":\"authority\",\"hidden\":false,\"component\":\"view/superAdmin/authority/authority.vue\",\"sort\":1,\"meta\":{\"activeName\":\"\",\"keepAlive\":false,\"defaultMenu\":false,\"title\":\"角色管理\",\"icon\":\"avatar\",\"closeTab\":false},\"authoritys\":null,\"children\":null,\"parameters\":[],\"menuBtn\":[]},{\"id\":9,\"createdAt\":\"2023-05-29T08:20:03+08:00\",\"updatedAt\":\"2023-05-29T08:20:03+08:00\",\"parentId\":\"3\",\"path\":\"dictionaryDetail/:id\",\"name\":\"dictionaryDetail\",\"hidden\":true,\"component\":\"view/superAdmin/dictionary/sysDictionaryDetail.vue\",\"sort\":1,\"meta\":{\"activeName\":\"dictionary\",\"keepAlive\":false,\"defaultMenu\":false,\"title\":\"字典详情-${id}\",\"icon\":\"list\",\"closeTab\":false},\"authoritys\":null,\"children\":null,\"parameters\":[],\"menuBtn\":[]},{\"id\":5,\"createdAt\":\"2023-05-29T08:20:03+08:00\",\"updatedAt\":\"2023-05-29T08:20:03+08:00\",\"parentId\":\"3\",\"path\":\"menu\",\"name\":\"menu\",\"hidden\":false,\"component\":\"view/superAdmin/menu/menu.vue\",\"sort\":2,\"meta\":{\"activeName\":\"\",\"keepAlive\":true,\"defaultMenu\":false,\"title\":\"菜单管理\",\"icon\":\"tickets\",\"closeTab\":false},\"authoritys\":null,\"children\":null,\"parameters\":[],\"menuBtn\":[]},{\"id\":6,\"createdAt\":\"2023-05-29T08:20:03+08:00\",\"updatedAt\":\"2023-05-29T08:20:03+08:00\",\"parentId\":\"3\",\"path\":\"api\",\"name\":\"api\",\"hidden\":false,\"component\":\"view/superAdmin/api/api.vue\",\"sort\":3,\"meta\":{\"activeName\":\"\",\"keepAlive\":true,\"defaultMenu\":false,\"title\":\"api管理\",\"icon\":\"platform\",\"closeTab\":false},\"authoritys\":null,\"children\":null,\"parameters\":[],\"menuBtn\":[]},{\"id\":7,\"createdAt\":\"2023-05-29T08:20:03+08:00\",\"updatedAt\":\"2023-05-29T08:20:03+08:00\",\"parentId\":\"3\",\"path\":\"user\",\"name\":\"user\",\"hidden\":false,\"component\":\"view/superAdmin/user/user.vue\",\"sort\":4,\"meta\":{\"activeName\":\"\",\"keepAlive\":false,\"defaultMenu\":false,\"title\":\"用户管理\",\"icon\":\"coordinate\",\"closeTab\":false},\"authoritys\":null,\"children\":null,\"parameters\":[],\"menuBtn\":[]},{\"id\":8,\"createdAt\":\"2023-05-29T08:20:03+08:00\",\"updatedAt\":\"2023-05-29T08:20:03+08:00\",\"parentId\":\"3\",\"path\":\"dictionary\",\"name\":\"dictionary\",\"hidden\":false,\"component\":\"view/superAdmin/dictionary/sysDictionary.vue\",\"sort\":5,\"meta\":{\"activeName\":\"\",\"keepAlive\":false,\"defaultMenu\":false,\"title\":\"字典管理\",\"icon\":\"notebook\",\"closeTab\":false},\"authoritys\":null,\"children\":null,\"parameters\":[],\"menuBtn\":[]},{\"id\":10,\"createdAt\":\"2023-05-29T08:20:03+08:00\",\"updatedAt\":\"2023-05-29T08:20:03+08:00\",\"parentId\":\"3\",\"path\":\"operation\",\"name\":\"operation\",\"hidden\":false,\"component\":\"view/superAdmin/operation/sysOperationRecord.vue\",\"sort\":6,\"meta\":{\"activeName\":\"\",\"keepAlive\":false,\"defaultMenu\":false,\"title\":\"操作历史\",\"icon\":\"pie-chart\",\"closeTab\":false},\"authoritys\":null,\"children\":null,\"parameters\":[],\"menuBtn\":[]}],\"parameters\":[],\"menuBtn\":[]},{\"id\":4,\"createdAt\":\"2023-05-29T08:20:03+08:00\",\"updatedAt\":\"2023-05-29T08:20:03+08:00\",\"parentId\":\"3\",\"path\":\"authority\",\"name\":\"authority\",\"hidden\":false,\"component\":\"view/superAdmin/authority/authority.vue\",\"sort\":1,\"meta\":{\"activeName\":\"\",\"keepAlive\":false,\"defaultMenu\":false,\"title\":\"角色管理\",\"icon\":\"avatar\",\"closeTab\":false},\"authoritys\":null,\"children\":null,\"parameters\":[],\"menuBtn\":[]},{\"id\":9,\"createdAt\":\"2023-05-29T08:20:03+08:00\",\"updatedAt\":\"2023-05-29T08:20:03+08:00\",\"parentId\":\"3\",\"path\":\"dictionaryDetail/:id\",\"name\":\"dictionaryDetail\",\"hidden\":true,\"component\":\"view/superAdmin/dictionary/sysDictionaryDetail.vue\",\"sort\":1,\"meta\":{\"activeName\":\"dictionary\",\"keepAlive\":false,\"defaultMenu\":false,\"title\":\"字典详情-${id}\",\"icon\":\"list\",\"closeTab\":false},\"authoritys\":null,\"children\":null,\"parameters\":[],\"menuBtn\":[]},{\"id\":5,\"createdAt\":\"2023-05-29T08:20:03+08:00\",\"updatedAt\":\"2023-05-29T08:20:03+08:00\",\"parentId\":\"3\",\"path\":\"menu\",\"name\":\"menu\",\"hidden\":false,\"component\":\"view/superAdmin/menu/menu.vue\",\"sort\":2,\"meta\":{\"activeName\":\"\",\"keepAlive\":true,\"defaultMenu\":false,\"title\":\"菜单管理\",\"icon\":\"tickets\",\"closeTab\":false},\"authoritys\":null,\"children\":null,\"parameters\":[],\"menuBtn\":[]},{\"id\":6,\"createdAt\":\"2023-05-29T08:20:03+08:00\",\"updatedAt\":\"2023-05-29T08:20:03+08:00\",\"parentId\":\"3\",\"path\":\"api\",\"name\":\"api\",\"hidden\":false,\"component\":\"view/superAdmin/api/api.vue\",\"sort\":3,\"meta\":{\"activeName\":\"\",\"keepAlive\":true,\"defaultMenu\":false,\"title\":\"api管理\",\"icon\":\"platform\",\"closeTab\":false},\"authoritys\":null,\"children\":null,\"parameters\":[],\"menuBtn\":[]},{\"id\":7,\"createdAt\":\"2023-05-29T08:20:03+08:00\",\"updatedAt\":\"2023-05-29T08:20:03+08:00\",\"parentId\":\"3\",\"path\":\"user\",\"name\":\"user\",\"hidden\":false,\"component\":\"view/superAdmin/user/user.vue\",\"sort\":4,\"meta\":{\"activeName\":\"\",\"keepAlive\":false,\"defaultMenu\":false,\"title\":\"用户管理\",\"icon\":\"coordinate\",\"closeTab\":false},\"authoritys\":null,\"children\":null,\"parameters\":[],\"menuBtn\":[]},{\"id\":8,\"createdAt\":\"2023-05-29T08:20:03+08:00\",\"updatedAt\":\"2023-05-29T08:20:03+08:00\",\"parentId\":\"3\",\"path\":\"dictionary\",\"name\":\"dictionary\",\"hidden\":false,\"component\":\"view/superAdmin/dictionary/sysDictionary.vue\",\"sort\":5,\"meta\":{\"activeName\":\"\",\"keepAlive\":false,\"defaultMenu\":false,\"title\":\"字典管理\",\"icon\":\"notebook\",\"closeTab\":false},\"authoritys\":null,\"children\":null,\"parameters\":[],\"menuBtn\":[]},{\"id\":10,\"createdAt\":\"2023-05-29T08:20:03+08:00\",\"updatedAt\":\"2023-05-29T08:20:03+08:00\",\"parentId\":\"3\",\"path\":\"operation\",\"name\":\"operation\",\"hidden\":false,\"component\":\"view/superAdmin/operation/sysOperationRecord.vue\",\"sort\":6,\"meta\":{\"activeName\":\"\",\"keepAlive\":false,\"defaultMenu\":false,\"title\":\"操作历史\",\"icon\":\"pie-chart\",\"closeTab\":false},\"authoritys\":null,\"children\":null,\"parameters\":[],\"menuBtn\":[]},{\"id\":11,\"createdAt\":\"2023-05-29T08:20:03+08:00\",\"updatedAt\":\"2023-05-29T08:20:03+08:00\",\"parentId\":\"0\",\"path\":\"person\",\"name\":\"person\",\"hidden\":true,\"component\":\"view/person/person.vue\",\"sort\":4,\"meta\":{\"activeName\":\"\",\"keepAlive\":false,\"defaultMenu\":false,\"title\":\"个人信息\",\"icon\":\"message\",\"closeTab\":false},\"authoritys\":null,\"children\":null,\"parameters\":[],\"menuBtn\":[]},{\"id\":16,\"createdAt\":\"2023-05-29T08:20:03+08:00\",\"updatedAt\":\"2023-05-29T08:20:03+08:00\",\"parentId\":\"0\",\"path\":\"systemTools\",\"name\":\"systemTools\",\"hidden\":false,\"component\":\"view/systemTools/index.vue\",\"sort\":5,\"meta\":{\"activeName\":\"\",\"keepAlive\":false,\"defaultMenu\":false,\"title\":\"系统工具\",\"icon\":\"tools\",\"closeTab\":false},\"authoritys\":null,\"children\":[{\"id\":21,\"createdAt\":\"2023-05-29T08:20:03+08:00\",\"updatedAt\":\"2023-05-29T08:20:03+08:00\",\"parentId\":\"16\",\"path\":\"autoCodeEdit/:id\",\"name\":\"autoCodeEdit\",\"hidden\":true,\"component\":\"view/systemTools/autoCode/index.vue\",\"sort\":0,\"meta\":{\"activeName\":\"\",\"keepAlive\":false,\"defaultMenu\":false,\"title\":\"自动化代码-${id}\",\"icon\":\"magic-stick\",\"closeTab\":false},\"authoritys\":null,\"children\":null,\"parameters\":[],\"menuBtn\":[]},{\"id\":22,\"createdAt\":\"2023-05-29T08:20:03+08:00\",\"updatedAt\":\"2023-05-29T08:20:03+08:00\",\"parentId\":\"16\",\"path\":\"autoPkg\",\"name\":\"autoPkg\",\"hidden\":false,\"component\":\"view/systemTools/autoPkg/autoPkg.vue\",\"sort\":0,\"meta\":{\"activeName\":\"\",\"keepAlive\":false,\"defaultMenu\":false,\"title\":\"自动化package\",\"icon\":\"folder\",\"closeTab\":false},\"authoritys\":null,\"children\":null,\"parameters\":[],\"menuBtn\":[]},{\"id\":17,\"createdAt\":\"2023-05-29T08:20:03+08:00\",\"updatedAt\":\"2023-05-29T08:20:03+08:00\",\"parentId\":\"16\",\"path\":\"autoCode\",\"name\":\"autoCode\",\"hidden\":false,\"component\":\"view/systemTools/autoCode/index.vue\",\"sort\":1,\"meta\":{\"activeName\":\"\",\"keepAlive\":true,\"defaultMenu\":false,\"title\":\"代码生成器\",\"icon\":\"cpu\",\"closeTab\":false},\"authoritys\":null,\"children\":null,\"parameters\":[],\"menuBtn\":[]},{\"id\":20,\"createdAt\":\"2023-05-29T08:20:03+08:00\",\"updatedAt\":\"2023-05-29T08:20:03+08:00\",\"parentId\":\"16\",\"path\":\"autoCodeAdmin\",\"name\":\"autoCodeAdmin\",\"hidden\":false,\"component\":\"view/systemTools/autoCodeAdmin/index.vue\",\"sort\":1,\"meta\":{\"activeName\":\"\",\"keepAlive\":false,\"defaultMenu\":false,\"title\":\"自动化代码管理\",\"icon\":\"magic-stick\",\"closeTab\":false},\"authoritys\":null,\"children\":null,\"parameters\":[],\"menuBtn\":[]},{\"id\":18,\"createdAt\":\"2023-05-29T08:20:03+08:00\",\"updatedAt\":\"2023-05-29T08:20:03+08:00\",\"parentId\":\"16\",\"path\":\"formCreate\",\"name\":\"formCreate\",\"hidden\":false,\"component\":\"view/systemTools/formCreate/index.vue\",\"sort\":2,\"meta\":{\"activeName\":\"\",\"keepAlive\":true,\"defaultMenu\":false,\"title\":\"表单生成器\",\"icon\":\"magic-stick\",\"closeTab\":false},\"authoritys\":null,\"children\":null,\"parameters\":[],\"menuBtn\":[]},{\"id\":19,\"createdAt\":\"2023-05-29T08:20:03+08:00\",\"updatedAt\":\"2023-05-29T08:20:03+08:00\",\"parentId\":\"16\",\"path\":\"system\",\"name\":\"system\",\"hidden\":false,\"component\":\"view/systemTools/system/system.vue\",\"sort\":3,\"meta\":{\"activeName\":\"\",\"keepAlive\":false,\"defaultMenu\":false,\"title\":\"系统配置\",\"icon\":\"operation\",\"closeTab\":false},\"authoritys\":null,\"children\":null,\"parameters\":[],\"menuBtn\":[]},{\"id\":30,\"createdAt\":\"2023-05-29T08:20:03+08:00\",\"updatedAt\":\"2023-05-29T08:20:03+08:00\",\"parentId\":\"16\",\"path\":\"chatTable\",\"name\":\"chatTable\",\"hidden\":false,\"component\":\"view/chatgpt/chatTable.vue\",\"sort\":6,\"meta\":{\"activeName\":\"\",\"keepAlive\":false,\"defaultMenu\":false,\"title\":\"万用表格\",\"icon\":\"chat-dot-square\",\"closeTab\":false},\"authoritys\":null,\"children\":null,\"parameters\":[],\"menuBtn\":[]}],\"parameters\":[],\"menuBtn\":[]},{\"id\":21,\"createdAt\":\"2023-05-29T08:20:03+08:00\",\"updatedAt\":\"2023-05-29T08:20:03+08:00\",\"parentId\":\"16\",\"path\":\"autoCodeEdit/:id\",\"name\":\"autoCodeEdit\",\"hidden\":true,\"component\":\"view/systemTools/autoCode/index.vue\",\"sort\":0,\"meta\":{\"activeName\":\"\",\"keepAlive\":false,\"defaultMenu\":false,\"title\":\"自动化代码-${id}\",\"icon\":\"magic-stick\",\"closeTab\":false},\"authoritys\":null,\"children\":null,\"parameters\":[],\"menuBtn\":[]},{\"id\":22,\"createdAt\":\"2023-05-29T08:20:03+08:00\",\"updatedAt\":\"2023-05-29T08:20:03+08:00\",\"parentId\":\"16\",\"path\":\"autoPkg\",\"name\":\"autoPkg\",\"hidden\":false,\"component\":\"view/systemTools/autoPkg/autoPkg.vue\",\"sort\":0,\"meta\":{\"activeName\":\"\",\"keepAlive\":false,\"defaultMenu\":false,\"title\":\"自动化package\",\"icon\":\"folder\",\"closeTab\":false},\"authoritys\":null,\"children\":null,\"parameters\":[],\"menuBtn\":[]},{\"id\":17,\"createdAt\":\"2023-05-29T08:20:03+08:00\",\"updatedAt\":\"2023-05-29T08:20:03+08:00\",\"parentId\":\"16\",\"path\":\"autoCode\",\"name\":\"autoCode\",\"hidden\":false,\"component\":\"view/systemTools/autoCode/index.vue\",\"sort\":1,\"meta\":{\"activeName\":\"\",\"keepAlive\":true,\"defaultMenu\":false,\"title\":\"代码生成器\",\"icon\":\"cpu\",\"closeTab\":false},\"authoritys\":null,\"children\":null,\"parameters\":[],\"menuBtn\":[]},{\"id\":20,\"createdAt\":\"2023-05-29T08:20:03+08:00\",\"updatedAt\":\"2023-05-29T08:20:03+08:00\",\"parentId\":\"16\",\"path\":\"autoCodeAdmin\",\"name\":\"autoCodeAdmin\",\"hidden\":false,\"component\":\"view/systemTools/autoCodeAdmin/index.vue\",\"sort\":1,\"meta\":{\"activeName\":\"\",\"keepAlive\":false,\"defaultMenu\":false,\"title\":\"自动化代码管理\",\"icon\":\"magic-stick\",\"closeTab\":false},\"authoritys\":null,\"children\":null,\"parameters\":[],\"menuBtn\":[]},{\"id\":18,\"createdAt\":\"2023-05-29T08:20:03+08:00\",\"updatedAt\":\"2023-05-29T08:20:03+08:00\",\"parentId\":\"16\",\"path\":\"formCreate\",\"name\":\"formCreate\",\"hidden\":false,\"component\":\"view/systemTools/formCreate/index.vue\",\"sort\":2,\"meta\":{\"activeName\":\"\",\"keepAlive\":true,\"defaultMenu\":false,\"title\":\"表单生成器\",\"icon\":\"magic-stick\",\"closeTab\":false},\"authoritys\":null,\"children\":null,\"parameters\":[],\"menuBtn\":[]},{\"id\":19,\"createdAt\":\"2023-05-29T08:20:03+08:00\",\"updatedAt\":\"2023-05-29T08:20:03+08:00\",\"parentId\":\"16\",\"path\":\"system\",\"name\":\"system\",\"hidden\":false,\"component\":\"view/systemTools/system/system.vue\",\"sort\":3,\"meta\":{\"activeName\":\"\",\"keepAlive\":false,\"defaultMenu\":false,\"title\":\"系统配置\",\"icon\":\"operation\",\"closeTab\":false},\"authoritys\":null,\"children\":null,\"parameters\":[],\"menuBtn\":[]},{\"id\":30,\"createdAt\":\"2023-05-29T08:20:03+08:00\",\"updatedAt\":\"2023-05-29T08:20:03+08:00\",\"parentId\":\"16\",\"path\":\"chatTable\",\"name\":\"chatTable\",\"hidden\":false,\"component\":\"view/chatgpt/chatTable.vue\",\"sort\":6,\"meta\":{\"activeName\":\"\",\"keepAlive\":false,\"defaultMenu\":false,\"title\":\"万用表格\",\"icon\":\"chat-dot-square\",\"closeTab\":false},\"authoritys\":null,\"children\":null,\"parameters\":[],\"menuBtn\":[]},{\"id\":25,\"createdAt\":\"2023-05-29T08:20:03+08:00\",\"updatedAt\":\"2023-05-29T08:20:03+08:00\",\"parentId\":\"0\",\"path\":\"plugin\",\"name\":\"plugin\",\"hidden\":false,\"component\":\"view/routerHolder.vue\",\"sort\":6,\"meta\":{\"activeName\":\"\",\"keepAlive\":false,\"defaultMenu\":false,\"title\":\"插件系统\",\"icon\":\"cherry\",\"closeTab\":false},\"authoritys\":null,\"children\":[{\"id\":26,\"createdAt\":\"2023-05-29T08:20:03+08:00\",\"updatedAt\":\"2023-05-29T08:20:03+08:00\",\"parentId\":\"25\",\"path\":\"https://plugin.gin-vue-admin.com/\",\"name\":\"https://plugin.gin-vue-admin.com/\",\"hidden\":false,\"component\":\"https://plugin.gin-vue-admin.com/\",\"sort\":0,\"meta\":{\"activeName\":\"\",\"keepAlive\":false,\"defaultMenu\":false,\"title\":\"插件市场\",\"icon\":\"shop\",\"closeTab\":false},\"authoritys\":null,\"children\":null,\"parameters\":[],\"menuBtn\":[]},{\"id\":27,\"createdAt\":\"2023-05-29T08:20:03+08:00\",\"updatedAt\":\"2023-05-29T08:20:03+08:00\",\"parentId\":\"25\",\"path\":\"installPlugin\",\"name\":\"installPlugin\",\"hidden\":false,\"component\":\"view/systemTools/installPlugin/index.vue\",\"sort\":1,\"meta\":{\"activeName\":\"\",\"keepAlive\":false,\"defaultMenu\":false,\"title\":\"插件安装\",\"icon\":\"box\",\"closeTab\":false},\"authoritys\":null,\"children\":null,\"parameters\":[],\"menuBtn\":[]},{\"id\":28,\"createdAt\":\"2023-05-29T08:20:03+08:00\",\"updatedAt\":\"2023-05-29T08:20:03+08:00\",\"parentId\":\"25\",\"path\":\"autoPlug\",\"name\":\"autoPlug\",\"hidden\":false,\"component\":\"view/systemTools/autoPlug/autoPlug.vue\",\"sort\":2,\"meta\":{\"activeName\":\"\",\"keepAlive\":false,\"defaultMenu\":false,\"title\":\"插件模板\",\"icon\":\"folder\",\"closeTab\":false},\"authoritys\":null,\"children\":null,\"parameters\":[],\"menuBtn\":[]},{\"id\":29,\"createdAt\":\"2023-05-29T08:20:03+08:00\",\"updatedAt\":\"2023-05-29T08:20:03+08:00\",\"parentId\":\"25\",\"path\":\"plugin-email\",\"name\":\"plugin-email\",\"hidden\":false,\"component\":\"plugin/email/view/index.vue\",\"sort\":3,\"meta\":{\"activeName\":\"\",\"keepAlive\":false,\"defaultMenu\":false,\"title\":\"邮件插件\",\"icon\":\"message\",\"closeTab\":false},\"authoritys\":null,\"children\":null,\"parameters\":[],\"menuBtn\":[]}],\"parameters\":[],\"menuBtn\":[]},{\"id\":26,\"createdAt\":\"2023-05-29T08:20:03+08:00\",\"updatedAt\":\"2023-05-29T08:20:03+08:00\",\"parentId\":\"25\",\"path\":\"https://plugin.gin-vue-admin.com/\",\"name\":\"https://plugin.gin-vue-admin.com/\",\"hidden\":false,\"component\":\"https://plugin.gin-vue-admin.com/\",\"sort\":0,\"meta\":{\"activeName\":\"\",\"keepAlive\":false,\"defaultMenu\":false,\"title\":\"插件市场\",\"icon\":\"shop\",\"closeTab\":false},\"authoritys\":null,\"children\":null,\"parameters\":[],\"menuBtn\":[]},{\"id\":27,\"createdAt\":\"2023-05-29T08:20:03+08:00\",\"updatedAt\":\"2023-05-29T08:20:03+08:00\",\"parentId\":\"25\",\"path\":\"installPlugin\",\"name\":\"installPlugin\",\"hidden\":false,\"component\":\"view/systemTools/installPlugin/index.vue\",\"sort\":1,\"meta\":{\"activeName\":\"\",\"keepAlive\":false,\"defaultMenu\":false,\"title\":\"插件安装\",\"icon\":\"box\",\"closeTab\":false},\"authoritys\":null,\"children\":null,\"parameters\":[],\"menuBtn\":[]},{\"id\":28,\"createdAt\":\"2023-05-29T08:20:03+08:00\",\"updatedAt\":\"2023-05-29T08:20:03+08:00\",\"parentId\":\"25\",\"path\":\"autoPlug\",\"name\":\"autoPlug\",\"hidden\":false,\"component\":\"view/systemTools/autoPlug/autoPlug.vue\",\"sort\":2,\"meta\":{\"activeName\":\"\",\"keepAlive\":false,\"defaultMenu\":false,\"title\":\"插件模板\",\"icon\":\"folder\",\"closeTab\":false},\"authoritys\":null,\"children\":null,\"parameters\":[],\"menuBtn\":[]},{\"id\":29,\"createdAt\":\"2023-05-29T08:20:03+08:00\",\"updatedAt\":\"2023-05-29T08:20:03+08:00\",\"parentId\":\"25\",\"path\":\"plugin-email\",\"name\":\"plugin-email\",\"hidden\":false,\"component\":\"plugin/email/view/index.vue\",\"sort\":3,\"meta\":{\"activeName\":\"\",\"keepAlive\":false,\"defaultMenu\":false,\"title\":\"邮件插件\",\"icon\":\"message\",\"closeTab\":false},\"authoritys\":null,\"children\":null,\"parameters\":[],\"menuBtn\":[]},{\"id\":12,\"createdAt\":\"2023-05-29T08:20:03+08:00\",\"updatedAt\":\"2023-05-29T08:20:03+08:00\",\"parentId\":\"0\",\"path\":\"example\",\"name\":\"example\",\"hidden\":false,\"component\":\"view/example/index.vue\",\"sort\":7,\"meta\":{\"activeName\":\"\",\"keepAlive\":false,\"defaultMenu\":false,\"title\":\"示例文件\",\"icon\":\"management\",\"closeTab\":false},\"authoritys\":null,\"children\":[{\"id\":13,\"createdAt\":\"2023-05-29T08:20:03+08:00\",\"updatedAt\":\"2023-05-29T08:20:03+08:00\",\"parentId\":\"12\",\"path\":\"upload\",\"name\":\"upload\",\"hidden\":false,\"component\":\"view/example/upload/upload.vue\",\"sort\":5,\"meta\":{\"activeName\":\"\",\"keepAlive\":false,\"defaultMenu\":false,\"title\":\"媒体库（上传下载）\",\"icon\":\"upload\",\"closeTab\":false},\"authoritys\":null,\"children\":null,\"parameters\":[],\"menuBtn\":[]},{\"id\":14,\"createdAt\":\"2023-05-29T08:20:03+08:00\",\"updatedAt\":\"2023-05-29T08:20:03+08:00\",\"parentId\":\"12\",\"path\":\"breakpoint\",\"name\":\"breakpoint\",\"hidden\":false,\"component\":\"view/example/breakpoint/breakpoint.vue\",\"sort\":6,\"meta\":{\"activeName\":\"\",\"keepAlive\":false,\"defaultMenu\":false,\"title\":\"断点续传\",\"icon\":\"upload-filled\",\"closeTab\":false},\"authoritys\":null,\"children\":null,\"parameters\":[],\"menuBtn\":[]},{\"id\":15,\"createdAt\":\"2023-05-29T08:20:03+08:00\",\"updatedAt\":\"2023-05-29T08:20:03+08:00\",\"parentId\":\"12\",\"path\":\"customer\",\"name\":\"customer\",\"hidden\":false,\"component\":\"view/example/customer/customer.vue\",\"sort\":7,\"meta\":{\"activeName\":\"\",\"keepAlive\":false,\"defaultMenu\":false,\"title\":\"客户列表（资源示例）\",\"icon\":\"avatar\",\"closeTab\":false},\"authoritys\":null,\"children\":null,\"parameters\":[],\"menuBtn\":[]}],\"parameters\":[],\"menuBtn\":[]},{\"id\":13,\"createdAt\":\"2023-05-29T08:20:03+08:00\",\"updatedAt\":\"2023-05-29T08:20:03+08:00\",\"parentId\":\"12\",\"path\":\"upload\",\"name\":\"upload\",\"hidden\":false,\"component\":\"view/example/upload/upload.vue\",\"sort\":5,\"meta\":{\"activeName\":\"\",\"keepAlive\":false,\"defaultMenu\":false,\"title\":\"媒体库（上传下载）\",\"icon\":\"upload\",\"closeTab\":false},\"authoritys\":null,\"children\":null,\"parameters\":[],\"menuBtn\":[]},{\"id\":14,\"createdAt\":\"2023-05-29T08:20:03+08:00\",\"updatedAt\":\"2023-05-29T08:20:03+08:00\",\"parentId\":\"12\",\"path\":\"breakpoint\",\"name\":\"breakpoint\",\"hidden\":false,\"component\":\"view/example/breakpoint/breakpoint.vue\",\"sort\":6,\"meta\":{\"activeName\":\"\",\"keepAlive\":false,\"defaultMenu\":false,\"title\":\"断点续传\",\"icon\":\"upload-filled\",\"closeTab\":false},\"authoritys\":null,\"children\":null,\"parameters\":[],\"menuBtn\":[]},{\"id\":15,\"createdAt\":\"2023-05-29T08:20:03+08:00\",\"updatedAt\":\"2023-05-29T08:20:03+08:00\",\"parentId\":\"12\",\"path\":\"customer\",\"name\":\"customer\",\"hidden\":false,\"component\":\"view/example/customer/customer.vue\",\"sort\":7,\"meta\":{\"activeName\":\"\",\"keepAlive\":false,\"defaultMenu\":false,\"title\":\"客户列表（资源示例）\",\"icon\":\"avatar\",\"closeTab\":false},\"authoritys\":null,\"children\":null,\"parameters\":[],\"menuBtn\":[]},{\"id\":24,\"createdAt\":\"2023-05-29T08:20:03+08:00\",\"updatedAt\":\"2023-05-29T08:20:03+08:00\",\"parentId\":\"0\",\"path\":\"state\",\"name\":\"state\",\"hidden\":false,\"component\":\"view/system/state.vue\",\"sort\":8,\"meta\":{\"activeName\":\"\",\"keepAlive\":false,\"defaultMenu\":false,\"title\":\"服务器状态\",\"icon\":\"cloudy\",\"closeTab\":false},\"authoritys\":null,\"children\":null,\"parameters\":[],\"menuBtn\":[]},{\"id\":2,\"createdAt\":\"2023-05-29T08:20:03+08:00\",\"updatedAt\":\"2023-05-29T08:20:03+08:00\",\"parentId\":\"0\",\"path\":\"about\",\"name\":\"about\",\"hidden\":false,\"component\":\"view/about/index.vue\",\"sort\":9,\"meta\":{\"activeName\":\"\",\"keepAlive\":false,\"defaultMenu\":false,\"title\":\"关于我们\",\"icon\":\"info-filled\",\"closeTab\":false},\"authoritys\":null,\"children\":null,\"parameters\":[],\"menuBtn\":[]}],\"authorityId\":888}', '{\"code\":0,\"data\":{},\"msg\":\"添加成功\"}', 1);
INSERT INTO `sys_operation_records` VALUES (7, '2023-05-29 08:22:50', '2023-05-29 08:22:50', NULL, '127.0.0.1', 'POST', '/casbin/updateCasbin', 200, 9964000, 'Mozilla/5.0 (Windows NT 10.0; Win64; x64) AppleWebKit/537.36 (KHTML, like Gecko) Chrome/115.0.0.0 Safari/537.36', '', '{\"authorityId\":888,\"casbinInfos\":[{\"path\":\"/base/login\",\"method\":\"POST\"},{\"path\":\"/jwt/jsonInBlacklist\",\"method\":\"POST\"},{\"path\":\"/user/deleteUser\",\"method\":\"DELETE\"},{\"path\":\"/user/admin_register\",\"method\":\"POST\"},{\"path\":\"/user/getUserList\",\"method\":\"POST\"},{\"path\":\"/user/setUserInfo\",\"method\":\"PUT\"},{\"path\":\"/user/setSelfInfo\",\"method\":\"PUT\"},{\"path\":\"/user/getUserInfo\",\"method\":\"GET\"},{\"path\":\"/user/setUserAuthorities\",\"method\":\"POST\"},{\"path\":\"/user/changePassword\",\"method\":\"POST\"},{\"path\":\"/user/setUserAuthority\",\"method\":\"POST\"},{\"path\":\"/user/resetPassword\",\"method\":\"POST\"},{\"path\":\"/api/createApi\",\"method\":\"POST\"},{\"path\":\"/api/deleteApi\",\"method\":\"POST\"},{\"path\":\"/api/updateApi\",\"method\":\"POST\"},{\"path\":\"/api/getApiList\",\"method\":\"POST\"},{\"path\":\"/api/getAllApis\",\"method\":\"POST\"},{\"path\":\"/api/getApiById\",\"method\":\"POST\"},{\"path\":\"/api/deleteApisByIds\",\"method\":\"DELETE\"},{\"path\":\"/authority/copyAuthority\",\"method\":\"POST\"},{\"path\":\"/authority/createAuthority\",\"method\":\"POST\"},{\"path\":\"/authority/deleteAuthority\",\"method\":\"POST\"},{\"path\":\"/authority/updateAuthority\",\"method\":\"PUT\"},{\"path\":\"/authority/getAuthorityList\",\"method\":\"POST\"},{\"path\":\"/authority/setDataAuthority\",\"method\":\"POST\"},{\"path\":\"/casbin/updateCasbin\",\"method\":\"POST\"},{\"path\":\"/casbin/getPolicyPathByAuthorityId\",\"method\":\"POST\"},{\"path\":\"/menu/addBaseMenu\",\"method\":\"POST\"},{\"path\":\"/menu/getMenu\",\"method\":\"POST\"},{\"path\":\"/menu/deleteBaseMenu\",\"method\":\"POST\"},{\"path\":\"/menu/updateBaseMenu\",\"method\":\"POST\"},{\"path\":\"/menu/getBaseMenuById\",\"method\":\"POST\"},{\"path\":\"/menu/getMenuList\",\"method\":\"POST\"},{\"path\":\"/menu/getBaseMenuTree\",\"method\":\"POST\"},{\"path\":\"/menu/getMenuAuthority\",\"method\":\"POST\"},{\"path\":\"/menu/addMenuAuthority\",\"method\":\"POST\"},{\"path\":\"/fileUploadAndDownload/findFile\",\"method\":\"GET\"},{\"path\":\"/fileUploadAndDownload/breakpointContinue\",\"method\":\"POST\"},{\"path\":\"/fileUploadAndDownload/breakpointContinueFinish\",\"method\":\"POST\"},{\"path\":\"/fileUploadAndDownload/removeChunk\",\"method\":\"POST\"},{\"path\":\"/fileUploadAndDownload/upload\",\"method\":\"POST\"},{\"path\":\"/fileUploadAndDownload/deleteFile\",\"method\":\"POST\"},{\"path\":\"/fileUploadAndDownload/editFileName\",\"method\":\"POST\"},{\"path\":\"/fileUploadAndDownload/getFileList\",\"method\":\"POST\"},{\"path\":\"/system/getServerInfo\",\"method\":\"POST\"},{\"path\":\"/system/getSystemConfig\",\"method\":\"POST\"},{\"path\":\"/system/setSystemConfig\",\"method\":\"POST\"},{\"path\":\"/customer/customer\",\"method\":\"PUT\"},{\"path\":\"/customer/customer\",\"method\":\"POST\"},{\"path\":\"/customer/customer\",\"method\":\"DELETE\"},{\"path\":\"/customer/customer\",\"method\":\"GET\"},{\"path\":\"/customer/customerList\",\"method\":\"GET\"},{\"path\":\"/autoCode/getDB\",\"method\":\"GET\"},{\"path\":\"/autoCode/getTables\",\"method\":\"GET\"},{\"path\":\"/autoCode/createTemp\",\"method\":\"POST\"},{\"path\":\"/autoCode/preview\",\"method\":\"POST\"},{\"path\":\"/autoCode/getColumn\",\"method\":\"GET\"},{\"path\":\"/autoCode/createPlug\",\"method\":\"POST\"},{\"path\":\"/autoCode/installPlugin\",\"method\":\"POST\"},{\"path\":\"/autoCode/createPackage\",\"method\":\"POST\"},{\"path\":\"/autoCode/getPackage\",\"method\":\"POST\"},{\"path\":\"/autoCode/delPackage\",\"method\":\"POST\"},{\"path\":\"/autoCode/getMeta\",\"method\":\"POST\"},{\"path\":\"/autoCode/rollback\",\"method\":\"POST\"},{\"path\":\"/autoCode/getSysHistory\",\"method\":\"POST\"},{\"path\":\"/autoCode/delSysHistory\",\"method\":\"POST\"},{\"path\":\"/sysDictionaryDetail/updateSysDictionaryDetail\",\"method\":\"PUT\"},{\"path\":\"/sysDictionaryDetail/createSysDictionaryDetail\",\"method\":\"POST\"},{\"path\":\"/sysDictionaryDetail/deleteSysDictionaryDetail\",\"method\":\"DELETE\"},{\"path\":\"/sysDictionaryDetail/findSysDictionaryDetail\",\"method\":\"GET\"},{\"path\":\"/sysDictionaryDetail/getSysDictionaryDetailList\",\"method\":\"GET\"},{\"path\":\"/sysDictionary/createSysDictionary\",\"method\":\"POST\"},{\"path\":\"/sysDictionary/deleteSysDictionary\",\"method\":\"DELETE\"},{\"path\":\"/sysDictionary/updateSysDictionary\",\"method\":\"PUT\"},{\"path\":\"/sysDictionary/findSysDictionary\",\"method\":\"GET\"},{\"path\":\"/sysDictionary/getSysDictionaryList\",\"method\":\"GET\"},{\"path\":\"/sysOperationRecord/createSysOperationRecord\",\"method\":\"POST\"},{\"path\":\"/sysOperationRecord/findSysOperationRecord\",\"method\":\"GET\"},{\"path\":\"/sysOperationRecord/getSysOperationRecordList\",\"method\":\"GET\"},{\"path\":\"/sysOperationRecord/deleteSysOperationRecord\",\"method\":\"DELETE\"},{\"path\":\"/sysOperationRecord/deleteSysOperationRecordByIds\",\"method\":\"DELETE\"},{\"path\":\"/simpleUploader/upload\",\"method\":\"POST\"},{\"path\":\"/simpleUploader/checkFileMd5\",\"method\":\"GET\"},{\"path\":\"/simpleUploader/mergeFileMd5\",\"method\":\"GET\"},{\"path\":\"/email/emailTest\",\"method\":\"POST\"},{\"path\":\"/email/emailSend\",\"method\":\"POST\"},{\"path\":\"/authorityBtn/setAuthorityBtn\",\"method\":\"POST\"},{\"path\":\"/authorityBtn/getAuthorityBtn\",\"method\":\"POST\"},{\"path\":\"/authorityBtn/canRemoveAuthorityBtn\",\"method\":\"POST\"},{\"path\":\"/chatGpt/getTable\",\"method\":\"POST\"},{\"path\":\"/chatGpt/createSK\",\"method\":\"POST\"},{\"path\":\"/chatGpt/getSK\",\"method\":\"GET\"},{\"path\":\"/chatGpt/deleteSK\",\"method\":\"DELETE\"}]}', '{\"code\":0,\"data\":{},\"msg\":\"更新成功\"}', 1);
INSERT INTO `sys_operation_records` VALUES (8, '2023-05-29 08:22:52', '2023-05-29 08:22:52', NULL, '127.0.0.1', 'POST', '/authority/setDataAuthority', 200, 3860500, 'Mozilla/5.0 (Windows NT 10.0; Win64; x64) AppleWebKit/537.36 (KHTML, like Gecko) Chrome/115.0.0.0 Safari/537.36', '', '{\"CreatedAt\":\"2023-05-29T08:20:02.493+08:00\",\"UpdatedAt\":\"2023-05-29T08:20:02.71+08:00\",\"DeletedAt\":null,\"authorityId\":888,\"authorityName\":\"普通用户\",\"parentId\":0,\"dataAuthorityId\":[{\"authorityId\":888,\"authorityName\":\"普通用户\"},{\"authorityId\":8881,\"authorityName\":\"普通用户子角色\"},{\"authorityId\":9528,\"authorityName\":\"测试角色\"}],\"children\":[{\"CreatedAt\":\"2023-05-29T08:20:02.493+08:00\",\"UpdatedAt\":\"2023-05-29T08:20:02.717+08:00\",\"DeletedAt\":null,\"authorityId\":8881,\"authorityName\":\"普通用户子角色\",\"parentId\":888,\"dataAuthorityId\":[],\"children\":[],\"menus\":null,\"defaultRouter\":\"dashboard\"}],\"menus\":null,\"defaultRouter\":\"dashboard\"}', '{\"code\":0,\"data\":{},\"msg\":\"设置成功\"}', 1);
INSERT INTO `sys_operation_records` VALUES (9, '2023-05-29 08:23:42', '2023-05-29 08:23:42', NULL, '127.0.0.1', 'POST', '/menu/addBaseMenu', 200, 2119600, 'Mozilla/5.0 (Windows NT 10.0; Win64; x64) AppleWebKit/537.36 (KHTML, like Gecko) Chrome/115.0.0.0 Safari/537.36', '', '{\"ID\":0,\"path\":\"bbs\",\"name\":\"bbs\",\"hidden\":false,\"parentId\":\"0\",\"component\":\"view/routerHolder.vue\",\"meta\":{\"title\":\"帖子管理\",\"icon\":\"aim\",\"defaultMenu\":false,\"closeTab\":false,\"keepAlive\":false},\"sort\":2}', '{\"code\":0,\"data\":{},\"msg\":\"添加成功\"}', 1);
INSERT INTO `sys_operation_records` VALUES (10, '2023-05-29 08:29:58', '2023-05-29 08:29:58', NULL, '127.0.0.1', 'POST', '/menu/addBaseMenu', 200, 3567800, 'Mozilla/5.0 (Windows NT 10.0; Win64; x64) AppleWebKit/537.36 (KHTML, like Gecko) Chrome/115.0.0.0 Safari/537.36', '', '{\"ID\":0,\"path\":\"list\",\"name\":\"list\",\"hidden\":false,\"parentId\":\"31\",\"component\":\"view/bbs/list.vue\",\"meta\":{\"activeName\":\"\",\"title\":\"帖子列表\",\"icon\":\"aim\",\"defaultMenu\":false,\"closeTab\":false,\"keepAlive\":false},\"parameters\":[],\"menuBtn\":[],\"sort\":1}', '{\"code\":0,\"data\":{},\"msg\":\"添加成功\"}', 1);
INSERT INTO `sys_operation_records` VALUES (11, '2023-05-29 08:30:56', '2023-05-29 08:30:56', NULL, '127.0.0.1', 'POST', '/menu/addBaseMenu', 200, 7698500, 'Mozilla/5.0 (Windows NT 10.0; Win64; x64) AppleWebKit/537.36 (KHTML, like Gecko) Chrome/115.0.0.0 Safari/537.36', '', '{\"ID\":0,\"path\":\"category\",\"name\":\"category\",\"hidden\":false,\"parentId\":\"31\",\"component\":\"view/bbs/category.vue\",\"meta\":{\"title\":\"帖子分类\",\"icon\":\"calendar\",\"defaultMenu\":false,\"closeTab\":false,\"keepAlive\":false}}', '{\"code\":0,\"data\":{},\"msg\":\"添加成功\"}', 1);
INSERT INTO `sys_operation_records` VALUES (12, '2023-05-29 08:31:04', '2023-05-29 08:31:04', NULL, '127.0.0.1', 'POST', '/menu/addMenuAuthority', 200, 9382600, 'Mozilla/5.0 (Windows NT 10.0; Win64; x64) AppleWebKit/537.36 (KHTML, like Gecko) Chrome/115.0.0.0 Safari/537.36', '', '{\"menus\":[{\"ID\":23,\"createdAt\":\"2023-05-29T08:20:03+08:00\",\"updatedAt\":\"2023-05-29T08:20:03+08:00\",\"parentId\":\"0\",\"path\":\"https://www.gin-vue-admin.com\",\"name\":\"https://www.gin-vue-admin.com\",\"hidden\":false,\"component\":\"/\",\"sort\":0,\"meta\":{\"activeName\":\"\",\"keepAlive\":false,\"defaultMenu\":false,\"title\":\"官方网站\",\"icon\":\"home-filled\",\"closeTab\":false},\"authoritys\":null,\"children\":null,\"parameters\":[],\"menuBtn\":[]},{\"ID\":1,\"createdAt\":\"2023-05-29T08:20:03+08:00\",\"updatedAt\":\"2023-05-29T08:20:03+08:00\",\"parentId\":\"0\",\"path\":\"dashboard\",\"name\":\"dashboard\",\"hidden\":false,\"component\":\"view/dashboard/index.vue\",\"sort\":1,\"meta\":{\"activeName\":\"\",\"keepAlive\":false,\"defaultMenu\":false,\"title\":\"仪表盘\",\"icon\":\"odometer\",\"closeTab\":false},\"authoritys\":null,\"children\":null,\"parameters\":[],\"menuBtn\":[]},{\"ID\":31,\"createdAt\":\"2023-05-29T08:23:42+08:00\",\"updatedAt\":\"2023-05-29T08:23:42+08:00\",\"parentId\":\"0\",\"path\":\"bbs\",\"name\":\"bbs\",\"hidden\":false,\"component\":\"view/routerHolder.vue\",\"sort\":2,\"meta\":{\"activeName\":\"\",\"keepAlive\":false,\"defaultMenu\":false,\"title\":\"帖子管理\",\"icon\":\"aim\",\"closeTab\":false},\"authoritys\":null,\"children\":[{\"ID\":33,\"createdAt\":\"2023-05-29T08:30:56+08:00\",\"updatedAt\":\"2023-05-29T08:30:56+08:00\",\"parentId\":\"31\",\"path\":\"category\",\"name\":\"category\",\"hidden\":false,\"component\":\"view/bbs/category.vue\",\"sort\":0,\"meta\":{\"activeName\":\"\",\"keepAlive\":false,\"defaultMenu\":false,\"title\":\"帖子分类\",\"icon\":\"calendar\",\"closeTab\":false},\"authoritys\":null,\"children\":null,\"parameters\":[],\"menuBtn\":[]},{\"ID\":32,\"createdAt\":\"2023-05-29T08:29:58+08:00\",\"updatedAt\":\"2023-05-29T08:29:58+08:00\",\"parentId\":\"31\",\"path\":\"list\",\"name\":\"list\",\"hidden\":false,\"component\":\"view/bbs/list.vue\",\"sort\":1,\"meta\":{\"activeName\":\"\",\"keepAlive\":false,\"defaultMenu\":false,\"title\":\"帖子列表\",\"icon\":\"aim\",\"closeTab\":false},\"authoritys\":null,\"children\":null,\"parameters\":[],\"menuBtn\":[]}],\"parameters\":[],\"menuBtn\":[]},{\"ID\":33,\"createdAt\":\"2023-05-29T08:30:56+08:00\",\"updatedAt\":\"2023-05-29T08:30:56+08:00\",\"parentId\":\"31\",\"path\":\"category\",\"name\":\"category\",\"hidden\":false,\"component\":\"view/bbs/category.vue\",\"sort\":0,\"meta\":{\"activeName\":\"\",\"keepAlive\":false,\"defaultMenu\":false,\"title\":\"帖子分类\",\"icon\":\"calendar\",\"closeTab\":false},\"authoritys\":null,\"children\":null,\"parameters\":[],\"menuBtn\":[]},{\"ID\":32,\"createdAt\":\"2023-05-29T08:29:58+08:00\",\"updatedAt\":\"2023-05-29T08:29:58+08:00\",\"parentId\":\"31\",\"path\":\"list\",\"name\":\"list\",\"hidden\":false,\"component\":\"view/bbs/list.vue\",\"sort\":1,\"meta\":{\"activeName\":\"\",\"keepAlive\":false,\"defaultMenu\":false,\"title\":\"帖子列表\",\"icon\":\"aim\",\"closeTab\":false},\"authoritys\":null,\"children\":null,\"parameters\":[],\"menuBtn\":[]},{\"ID\":3,\"createdAt\":\"2023-05-29T08:20:03+08:00\",\"updatedAt\":\"2023-05-29T08:20:03+08:00\",\"parentId\":\"0\",\"path\":\"admin\",\"name\":\"superAdmin\",\"hidden\":false,\"component\":\"view/superAdmin/index.vue\",\"sort\":3,\"meta\":{\"activeName\":\"\",\"keepAlive\":false,\"defaultMenu\":false,\"title\":\"超级管理员\",\"icon\":\"user\",\"closeTab\":false},\"authoritys\":null,\"children\":[{\"ID\":9,\"createdAt\":\"2023-05-29T08:20:03+08:00\",\"updatedAt\":\"2023-05-29T08:20:03+08:00\",\"parentId\":\"3\",\"path\":\"dictionaryDetail/:id\",\"name\":\"dictionaryDetail\",\"hidden\":true,\"component\":\"view/superAdmin/dictionary/sysDictionaryDetail.vue\",\"sort\":1,\"meta\":{\"activeName\":\"dictionary\",\"keepAlive\":false,\"defaultMenu\":false,\"title\":\"字典详情-${id}\",\"icon\":\"list\",\"closeTab\":false},\"authoritys\":null,\"children\":null,\"parameters\":[],\"menuBtn\":[]},{\"ID\":4,\"createdAt\":\"2023-05-29T08:20:03+08:00\",\"updatedAt\":\"2023-05-29T08:20:03+08:00\",\"parentId\":\"3\",\"path\":\"authority\",\"name\":\"authority\",\"hidden\":false,\"component\":\"view/superAdmin/authority/authority.vue\",\"sort\":1,\"meta\":{\"activeName\":\"\",\"keepAlive\":false,\"defaultMenu\":false,\"title\":\"角色管理\",\"icon\":\"avatar\",\"closeTab\":false},\"authoritys\":null,\"children\":null,\"parameters\":[],\"menuBtn\":[]},{\"ID\":5,\"createdAt\":\"2023-05-29T08:20:03+08:00\",\"updatedAt\":\"2023-05-29T08:20:03+08:00\",\"parentId\":\"3\",\"path\":\"menu\",\"name\":\"menu\",\"hidden\":false,\"component\":\"view/superAdmin/menu/menu.vue\",\"sort\":2,\"meta\":{\"activeName\":\"\",\"keepAlive\":true,\"defaultMenu\":false,\"title\":\"菜单管理\",\"icon\":\"tickets\",\"closeTab\":false},\"authoritys\":null,\"children\":null,\"parameters\":[],\"menuBtn\":[]},{\"ID\":6,\"createdAt\":\"2023-05-29T08:20:03+08:00\",\"updatedAt\":\"2023-05-29T08:20:03+08:00\",\"parentId\":\"3\",\"path\":\"api\",\"name\":\"api\",\"hidden\":false,\"component\":\"view/superAdmin/api/api.vue\",\"sort\":3,\"meta\":{\"activeName\":\"\",\"keepAlive\":true,\"defaultMenu\":false,\"title\":\"api管理\",\"icon\":\"platform\",\"closeTab\":false},\"authoritys\":null,\"children\":null,\"parameters\":[],\"menuBtn\":[]},{\"ID\":7,\"createdAt\":\"2023-05-29T08:20:03+08:00\",\"updatedAt\":\"2023-05-29T08:20:03+08:00\",\"parentId\":\"3\",\"path\":\"user\",\"name\":\"user\",\"hidden\":false,\"component\":\"view/superAdmin/user/user.vue\",\"sort\":4,\"meta\":{\"activeName\":\"\",\"keepAlive\":false,\"defaultMenu\":false,\"title\":\"用户管理\",\"icon\":\"coordinate\",\"closeTab\":false},\"authoritys\":null,\"children\":null,\"parameters\":[],\"menuBtn\":[]},{\"ID\":8,\"createdAt\":\"2023-05-29T08:20:03+08:00\",\"updatedAt\":\"2023-05-29T08:20:03+08:00\",\"parentId\":\"3\",\"path\":\"dictionary\",\"name\":\"dictionary\",\"hidden\":false,\"component\":\"view/superAdmin/dictionary/sysDictionary.vue\",\"sort\":5,\"meta\":{\"activeName\":\"\",\"keepAlive\":false,\"defaultMenu\":false,\"title\":\"字典管理\",\"icon\":\"notebook\",\"closeTab\":false},\"authoritys\":null,\"children\":null,\"parameters\":[],\"menuBtn\":[]},{\"ID\":10,\"createdAt\":\"2023-05-29T08:20:03+08:00\",\"updatedAt\":\"2023-05-29T08:20:03+08:00\",\"parentId\":\"3\",\"path\":\"operation\",\"name\":\"operation\",\"hidden\":false,\"component\":\"view/superAdmin/operation/sysOperationRecord.vue\",\"sort\":6,\"meta\":{\"activeName\":\"\",\"keepAlive\":false,\"defaultMenu\":false,\"title\":\"操作历史\",\"icon\":\"pie-chart\",\"closeTab\":false},\"authoritys\":null,\"children\":null,\"parameters\":[],\"menuBtn\":[]}],\"parameters\":[],\"menuBtn\":[]},{\"ID\":9,\"createdAt\":\"2023-05-29T08:20:03+08:00\",\"updatedAt\":\"2023-05-29T08:20:03+08:00\",\"parentId\":\"3\",\"path\":\"dictionaryDetail/:id\",\"name\":\"dictionaryDetail\",\"hidden\":true,\"component\":\"view/superAdmin/dictionary/sysDictionaryDetail.vue\",\"sort\":1,\"meta\":{\"activeName\":\"dictionary\",\"keepAlive\":false,\"defaultMenu\":false,\"title\":\"字典详情-${id}\",\"icon\":\"list\",\"closeTab\":false},\"authoritys\":null,\"children\":null,\"parameters\":[],\"menuBtn\":[]},{\"ID\":4,\"createdAt\":\"2023-05-29T08:20:03+08:00\",\"updatedAt\":\"2023-05-29T08:20:03+08:00\",\"parentId\":\"3\",\"path\":\"authority\",\"name\":\"authority\",\"hidden\":false,\"component\":\"view/superAdmin/authority/authority.vue\",\"sort\":1,\"meta\":{\"activeName\":\"\",\"keepAlive\":false,\"defaultMenu\":false,\"title\":\"角色管理\",\"icon\":\"avatar\",\"closeTab\":false},\"authoritys\":null,\"children\":null,\"parameters\":[],\"menuBtn\":[]},{\"ID\":5,\"createdAt\":\"2023-05-29T08:20:03+08:00\",\"updatedAt\":\"2023-05-29T08:20:03+08:00\",\"parentId\":\"3\",\"path\":\"menu\",\"name\":\"menu\",\"hidden\":false,\"component\":\"view/superAdmin/menu/menu.vue\",\"sort\":2,\"meta\":{\"activeName\":\"\",\"keepAlive\":true,\"defaultMenu\":false,\"title\":\"菜单管理\",\"icon\":\"tickets\",\"closeTab\":false},\"authoritys\":null,\"children\":null,\"parameters\":[],\"menuBtn\":[]},{\"ID\":6,\"createdAt\":\"2023-05-29T08:20:03+08:00\",\"updatedAt\":\"2023-05-29T08:20:03+08:00\",\"parentId\":\"3\",\"path\":\"api\",\"name\":\"api\",\"hidden\":false,\"component\":\"view/superAdmin/api/api.vue\",\"sort\":3,\"meta\":{\"activeName\":\"\",\"keepAlive\":true,\"defaultMenu\":false,\"title\":\"api管理\",\"icon\":\"platform\",\"closeTab\":false},\"authoritys\":null,\"children\":null,\"parameters\":[],\"menuBtn\":[]},{\"ID\":7,\"createdAt\":\"2023-05-29T08:20:03+08:00\",\"updatedAt\":\"2023-05-29T08:20:03+08:00\",\"parentId\":\"3\",\"path\":\"user\",\"name\":\"user\",\"hidden\":false,\"component\":\"view/superAdmin/user/user.vue\",\"sort\":4,\"meta\":{\"activeName\":\"\",\"keepAlive\":false,\"defaultMenu\":false,\"title\":\"用户管理\",\"icon\":\"coordinate\",\"closeTab\":false},\"authoritys\":null,\"children\":null,\"parameters\":[],\"menuBtn\":[]},{\"ID\":8,\"createdAt\":\"2023-05-29T08:20:03+08:00\",\"updatedAt\":\"2023-05-29T08:20:03+08:00\",\"parentId\":\"3\",\"path\":\"dictionary\",\"name\":\"dictionary\",\"hidden\":false,\"component\":\"view/superAdmin/dictionary/sysDictionary.vue\",\"sort\":5,\"meta\":{\"activeName\":\"\",\"keepAlive\":false,\"defaultMenu\":false,\"title\":\"字典管理\",\"icon\":\"notebook\",\"closeTab\":false},\"authoritys\":null,\"children\":null,\"parameters\":[],\"menuBtn\":[]},{\"ID\":10,\"createdAt\":\"2023-05-29T08:20:03+08:00\",\"updatedAt\":\"2023-05-29T08:20:03+08:00\",\"parentId\":\"3\",\"path\":\"operation\",\"name\":\"operation\",\"hidden\":false,\"component\":\"view/superAdmin/operation/sysOperationRecord.vue\",\"sort\":6,\"meta\":{\"activeName\":\"\",\"keepAlive\":false,\"defaultMenu\":false,\"title\":\"操作历史\",\"icon\":\"pie-chart\",\"closeTab\":false},\"authoritys\":null,\"children\":null,\"parameters\":[],\"menuBtn\":[]},{\"ID\":11,\"createdAt\":\"2023-05-29T08:20:03+08:00\",\"updatedAt\":\"2023-05-29T08:20:03+08:00\",\"parentId\":\"0\",\"path\":\"person\",\"name\":\"person\",\"hidden\":true,\"component\":\"view/person/person.vue\",\"sort\":4,\"meta\":{\"activeName\":\"\",\"keepAlive\":false,\"defaultMenu\":false,\"title\":\"个人信息\",\"icon\":\"message\",\"closeTab\":false},\"authoritys\":null,\"children\":null,\"parameters\":[],\"menuBtn\":[]},{\"ID\":16,\"createdAt\":\"2023-05-29T08:20:03+08:00\",\"updatedAt\":\"2023-05-29T08:20:03+08:00\",\"parentId\":\"0\",\"path\":\"systemTools\",\"name\":\"systemTools\",\"hidden\":false,\"component\":\"view/systemTools/index.vue\",\"sort\":5,\"meta\":{\"activeName\":\"\",\"keepAlive\":false,\"defaultMenu\":false,\"title\":\"系统工具\",\"icon\":\"tools\",\"closeTab\":false},\"authoritys\":null,\"children\":[{\"ID\":22,\"createdAt\":\"2023-05-29T08:20:03+08:00\",\"updatedAt\":\"2023-05-29T08:20:03+08:00\",\"parentId\":\"16\",\"path\":\"autoPkg\",\"name\":\"autoPkg\",\"hidden\":false,\"component\":\"view/systemTools/autoPkg/autoPkg.vue\",\"sort\":0,\"meta\":{\"activeName\":\"\",\"keepAlive\":false,\"defaultMenu\":false,\"title\":\"自动化package\",\"icon\":\"folder\",\"closeTab\":false},\"authoritys\":null,\"children\":null,\"parameters\":[],\"menuBtn\":[]},{\"ID\":21,\"createdAt\":\"2023-05-29T08:20:03+08:00\",\"updatedAt\":\"2023-05-29T08:20:03+08:00\",\"parentId\":\"16\",\"path\":\"autoCodeEdit/:id\",\"name\":\"autoCodeEdit\",\"hidden\":true,\"component\":\"view/systemTools/autoCode/index.vue\",\"sort\":0,\"meta\":{\"activeName\":\"\",\"keepAlive\":false,\"defaultMenu\":false,\"title\":\"自动化代码-${id}\",\"icon\":\"magic-stick\",\"closeTab\":false},\"authoritys\":null,\"children\":null,\"parameters\":[],\"menuBtn\":[]},{\"ID\":17,\"createdAt\":\"2023-05-29T08:20:03+08:00\",\"updatedAt\":\"2023-05-29T08:20:03+08:00\",\"parentId\":\"16\",\"path\":\"autoCode\",\"name\":\"autoCode\",\"hidden\":false,\"component\":\"view/systemTools/autoCode/index.vue\",\"sort\":1,\"meta\":{\"activeName\":\"\",\"keepAlive\":true,\"defaultMenu\":false,\"title\":\"代码生成器\",\"icon\":\"cpu\",\"closeTab\":false},\"authoritys\":null,\"children\":null,\"parameters\":[],\"menuBtn\":[]},{\"ID\":20,\"createdAt\":\"2023-05-29T08:20:03+08:00\",\"updatedAt\":\"2023-05-29T08:20:03+08:00\",\"parentId\":\"16\",\"path\":\"autoCodeAdmin\",\"name\":\"autoCodeAdmin\",\"hidden\":false,\"component\":\"view/systemTools/autoCodeAdmin/index.vue\",\"sort\":1,\"meta\":{\"activeName\":\"\",\"keepAlive\":false,\"defaultMenu\":false,\"title\":\"自动化代码管理\",\"icon\":\"magic-stick\",\"closeTab\":false},\"authoritys\":null,\"children\":null,\"parameters\":[],\"menuBtn\":[]},{\"ID\":18,\"createdAt\":\"2023-05-29T08:20:03+08:00\",\"updatedAt\":\"2023-05-29T08:20:03+08:00\",\"parentId\":\"16\",\"path\":\"formCreate\",\"name\":\"formCreate\",\"hidden\":false,\"component\":\"view/systemTools/formCreate/index.vue\",\"sort\":2,\"meta\":{\"activeName\":\"\",\"keepAlive\":true,\"defaultMenu\":false,\"title\":\"表单生成器\",\"icon\":\"magic-stick\",\"closeTab\":false},\"authoritys\":null,\"children\":null,\"parameters\":[],\"menuBtn\":[]},{\"ID\":19,\"createdAt\":\"2023-05-29T08:20:03+08:00\",\"updatedAt\":\"2023-05-29T08:20:03+08:00\",\"parentId\":\"16\",\"path\":\"system\",\"name\":\"system\",\"hidden\":false,\"component\":\"view/systemTools/system/system.vue\",\"sort\":3,\"meta\":{\"activeName\":\"\",\"keepAlive\":false,\"defaultMenu\":false,\"title\":\"系统配置\",\"icon\":\"operation\",\"closeTab\":false},\"authoritys\":null,\"children\":null,\"parameters\":[],\"menuBtn\":[]},{\"ID\":30,\"createdAt\":\"2023-05-29T08:20:03+08:00\",\"updatedAt\":\"2023-05-29T08:20:03+08:00\",\"parentId\":\"16\",\"path\":\"chatTable\",\"name\":\"chatTable\",\"hidden\":false,\"component\":\"view/chatgpt/chatTable.vue\",\"sort\":6,\"meta\":{\"activeName\":\"\",\"keepAlive\":false,\"defaultMenu\":false,\"title\":\"万用表格\",\"icon\":\"chat-dot-square\",\"closeTab\":false},\"authoritys\":null,\"children\":null,\"parameters\":[],\"menuBtn\":[]}],\"parameters\":[],\"menuBtn\":[]},{\"ID\":22,\"createdAt\":\"2023-05-29T08:20:03+08:00\",\"updatedAt\":\"2023-05-29T08:20:03+08:00\",\"parentId\":\"16\",\"path\":\"autoPkg\",\"name\":\"autoPkg\",\"hidden\":false,\"component\":\"view/systemTools/autoPkg/autoPkg.vue\",\"sort\":0,\"meta\":{\"activeName\":\"\",\"keepAlive\":false,\"defaultMenu\":false,\"title\":\"自动化package\",\"icon\":\"folder\",\"closeTab\":false},\"authoritys\":null,\"children\":null,\"parameters\":[],\"menuBtn\":[]},{\"ID\":21,\"createdAt\":\"2023-05-29T08:20:03+08:00\",\"updatedAt\":\"2023-05-29T08:20:03+08:00\",\"parentId\":\"16\",\"path\":\"autoCodeEdit/:id\",\"name\":\"autoCodeEdit\",\"hidden\":true,\"component\":\"view/systemTools/autoCode/index.vue\",\"sort\":0,\"meta\":{\"activeName\":\"\",\"keepAlive\":false,\"defaultMenu\":false,\"title\":\"自动化代码-${id}\",\"icon\":\"magic-stick\",\"closeTab\":false},\"authoritys\":null,\"children\":null,\"parameters\":[],\"menuBtn\":[]},{\"ID\":17,\"createdAt\":\"2023-05-29T08:20:03+08:00\",\"updatedAt\":\"2023-05-29T08:20:03+08:00\",\"parentId\":\"16\",\"path\":\"autoCode\",\"name\":\"autoCode\",\"hidden\":false,\"component\":\"view/systemTools/autoCode/index.vue\",\"sort\":1,\"meta\":{\"activeName\":\"\",\"keepAlive\":true,\"defaultMenu\":false,\"title\":\"代码生成器\",\"icon\":\"cpu\",\"closeTab\":false},\"authoritys\":null,\"children\":null,\"parameters\":[],\"menuBtn\":[]},{\"ID\":20,\"createdAt\":\"2023-05-29T08:20:03+08:00\",\"updatedAt\":\"2023-05-29T08:20:03+08:00\",\"parentId\":\"16\",\"path\":\"autoCodeAdmin\",\"name\":\"autoCodeAdmin\",\"hidden\":false,\"component\":\"view/systemTools/autoCodeAdmin/index.vue\",\"sort\":1,\"meta\":{\"activeName\":\"\",\"keepAlive\":false,\"defaultMenu\":false,\"title\":\"自动化代码管理\",\"icon\":\"magic-stick\",\"closeTab\":false},\"authoritys\":null,\"children\":null,\"parameters\":[],\"menuBtn\":[]},{\"ID\":18,\"createdAt\":\"2023-05-29T08:20:03+08:00\",\"updatedAt\":\"2023-05-29T08:20:03+08:00\",\"parentId\":\"16\",\"path\":\"formCreate\",\"name\":\"formCreate\",\"hidden\":false,\"component\":\"view/systemTools/formCreate/index.vue\",\"sort\":2,\"meta\":{\"activeName\":\"\",\"keepAlive\":true,\"defaultMenu\":false,\"title\":\"表单生成器\",\"icon\":\"magic-stick\",\"closeTab\":false},\"authoritys\":null,\"children\":null,\"parameters\":[],\"menuBtn\":[]},{\"ID\":19,\"createdAt\":\"2023-05-29T08:20:03+08:00\",\"updatedAt\":\"2023-05-29T08:20:03+08:00\",\"parentId\":\"16\",\"path\":\"system\",\"name\":\"system\",\"hidden\":false,\"component\":\"view/systemTools/system/system.vue\",\"sort\":3,\"meta\":{\"activeName\":\"\",\"keepAlive\":false,\"defaultMenu\":false,\"title\":\"系统配置\",\"icon\":\"operation\",\"closeTab\":false},\"authoritys\":null,\"children\":null,\"parameters\":[],\"menuBtn\":[]},{\"ID\":30,\"createdAt\":\"2023-05-29T08:20:03+08:00\",\"updatedAt\":\"2023-05-29T08:20:03+08:00\",\"parentId\":\"16\",\"path\":\"chatTable\",\"name\":\"chatTable\",\"hidden\":false,\"component\":\"view/chatgpt/chatTable.vue\",\"sort\":6,\"meta\":{\"activeName\":\"\",\"keepAlive\":false,\"defaultMenu\":false,\"title\":\"万用表格\",\"icon\":\"chat-dot-square\",\"closeTab\":false},\"authoritys\":null,\"children\":null,\"parameters\":[],\"menuBtn\":[]},{\"ID\":25,\"createdAt\":\"2023-05-29T08:20:03+08:00\",\"updatedAt\":\"2023-05-29T08:20:03+08:00\",\"parentId\":\"0\",\"path\":\"plugin\",\"name\":\"plugin\",\"hidden\":false,\"component\":\"view/routerHolder.vue\",\"sort\":6,\"meta\":{\"activeName\":\"\",\"keepAlive\":false,\"defaultMenu\":false,\"title\":\"插件系统\",\"icon\":\"cherry\",\"closeTab\":false},\"authoritys\":null,\"children\":[{\"ID\":26,\"createdAt\":\"2023-05-29T08:20:03+08:00\",\"updatedAt\":\"2023-05-29T08:20:03+08:00\",\"parentId\":\"25\",\"path\":\"https://plugin.gin-vue-admin.com/\",\"name\":\"https://plugin.gin-vue-admin.com/\",\"hidden\":false,\"component\":\"https://plugin.gin-vue-admin.com/\",\"sort\":0,\"meta\":{\"activeName\":\"\",\"keepAlive\":false,\"defaultMenu\":false,\"title\":\"插件市场\",\"icon\":\"shop\",\"closeTab\":false},\"authoritys\":null,\"children\":null,\"parameters\":[],\"menuBtn\":[]},{\"ID\":27,\"createdAt\":\"2023-05-29T08:20:03+08:00\",\"updatedAt\":\"2023-05-29T08:20:03+08:00\",\"parentId\":\"25\",\"path\":\"installPlugin\",\"name\":\"installPlugin\",\"hidden\":false,\"component\":\"view/systemTools/installPlugin/index.vue\",\"sort\":1,\"meta\":{\"activeName\":\"\",\"keepAlive\":false,\"defaultMenu\":false,\"title\":\"插件安装\",\"icon\":\"box\",\"closeTab\":false},\"authoritys\":null,\"children\":null,\"parameters\":[],\"menuBtn\":[]},{\"ID\":28,\"createdAt\":\"2023-05-29T08:20:03+08:00\",\"updatedAt\":\"2023-05-29T08:20:03+08:00\",\"parentId\":\"25\",\"path\":\"autoPlug\",\"name\":\"autoPlug\",\"hidden\":false,\"component\":\"view/systemTools/autoPlug/autoPlug.vue\",\"sort\":2,\"meta\":{\"activeName\":\"\",\"keepAlive\":false,\"defaultMenu\":false,\"title\":\"插件模板\",\"icon\":\"folder\",\"closeTab\":false},\"authoritys\":null,\"children\":null,\"parameters\":[],\"menuBtn\":[]},{\"ID\":29,\"createdAt\":\"2023-05-29T08:20:03+08:00\",\"updatedAt\":\"2023-05-29T08:20:03+08:00\",\"parentId\":\"25\",\"path\":\"plugin-email\",\"name\":\"plugin-email\",\"hidden\":false,\"component\":\"plugin/email/view/index.vue\",\"sort\":3,\"meta\":{\"activeName\":\"\",\"keepAlive\":false,\"defaultMenu\":false,\"title\":\"邮件插件\",\"icon\":\"message\",\"closeTab\":false},\"authoritys\":null,\"children\":null,\"parameters\":[],\"menuBtn\":[]}],\"parameters\":[],\"menuBtn\":[]},{\"ID\":26,\"createdAt\":\"2023-05-29T08:20:03+08:00\",\"updatedAt\":\"2023-05-29T08:20:03+08:00\",\"parentId\":\"25\",\"path\":\"https://plugin.gin-vue-admin.com/\",\"name\":\"https://plugin.gin-vue-admin.com/\",\"hidden\":false,\"component\":\"https://plugin.gin-vue-admin.com/\",\"sort\":0,\"meta\":{\"activeName\":\"\",\"keepAlive\":false,\"defaultMenu\":false,\"title\":\"插件市场\",\"icon\":\"shop\",\"closeTab\":false},\"authoritys\":null,\"children\":null,\"parameters\":[],\"menuBtn\":[]},{\"ID\":27,\"createdAt\":\"2023-05-29T08:20:03+08:00\",\"updatedAt\":\"2023-05-29T08:20:03+08:00\",\"parentId\":\"25\",\"path\":\"installPlugin\",\"name\":\"installPlugin\",\"hidden\":false,\"component\":\"view/systemTools/installPlugin/index.vue\",\"sort\":1,\"meta\":{\"activeName\":\"\",\"keepAlive\":false,\"defaultMenu\":false,\"title\":\"插件安装\",\"icon\":\"box\",\"closeTab\":false},\"authoritys\":null,\"children\":null,\"parameters\":[],\"menuBtn\":[]},{\"ID\":28,\"createdAt\":\"2023-05-29T08:20:03+08:00\",\"updatedAt\":\"2023-05-29T08:20:03+08:00\",\"parentId\":\"25\",\"path\":\"autoPlug\",\"name\":\"autoPlug\",\"hidden\":false,\"component\":\"view/systemTools/autoPlug/autoPlug.vue\",\"sort\":2,\"meta\":{\"activeName\":\"\",\"keepAlive\":false,\"defaultMenu\":false,\"title\":\"插件模板\",\"icon\":\"folder\",\"closeTab\":false},\"authoritys\":null,\"children\":null,\"parameters\":[],\"menuBtn\":[]},{\"ID\":29,\"createdAt\":\"2023-05-29T08:20:03+08:00\",\"updatedAt\":\"2023-05-29T08:20:03+08:00\",\"parentId\":\"25\",\"path\":\"plugin-email\",\"name\":\"plugin-email\",\"hidden\":false,\"component\":\"plugin/email/view/index.vue\",\"sort\":3,\"meta\":{\"activeName\":\"\",\"keepAlive\":false,\"defaultMenu\":false,\"title\":\"邮件插件\",\"icon\":\"message\",\"closeTab\":false},\"authoritys\":null,\"children\":null,\"parameters\":[],\"menuBtn\":[]},{\"ID\":12,\"createdAt\":\"2023-05-29T08:20:03+08:00\",\"updatedAt\":\"2023-05-29T08:20:03+08:00\",\"parentId\":\"0\",\"path\":\"example\",\"name\":\"example\",\"hidden\":false,\"component\":\"view/example/index.vue\",\"sort\":7,\"meta\":{\"activeName\":\"\",\"keepAlive\":false,\"defaultMenu\":false,\"title\":\"示例文件\",\"icon\":\"management\",\"closeTab\":false},\"authoritys\":null,\"children\":[{\"ID\":13,\"createdAt\":\"2023-05-29T08:20:03+08:00\",\"updatedAt\":\"2023-05-29T08:20:03+08:00\",\"parentId\":\"12\",\"path\":\"upload\",\"name\":\"upload\",\"hidden\":false,\"component\":\"view/example/upload/upload.vue\",\"sort\":5,\"meta\":{\"activeName\":\"\",\"keepAlive\":false,\"defaultMenu\":false,\"title\":\"媒体库（上传下载）\",\"icon\":\"upload\",\"closeTab\":false},\"authoritys\":null,\"children\":null,\"parameters\":[],\"menuBtn\":[]},{\"ID\":14,\"createdAt\":\"2023-05-29T08:20:03+08:00\",\"updatedAt\":\"2023-05-29T08:20:03+08:00\",\"parentId\":\"12\",\"path\":\"breakpoint\",\"name\":\"breakpoint\",\"hidden\":false,\"component\":\"view/example/breakpoint/breakpoint.vue\",\"sort\":6,\"meta\":{\"activeName\":\"\",\"keepAlive\":false,\"defaultMenu\":false,\"title\":\"断点续传\",\"icon\":\"upload-filled\",\"closeTab\":false},\"authoritys\":null,\"children\":null,\"parameters\":[],\"menuBtn\":[]},{\"ID\":15,\"createdAt\":\"2023-05-29T08:20:03+08:00\",\"updatedAt\":\"2023-05-29T08:20:03+08:00\",\"parentId\":\"12\",\"path\":\"customer\",\"name\":\"customer\",\"hidden\":false,\"component\":\"view/example/customer/customer.vue\",\"sort\":7,\"meta\":{\"activeName\":\"\",\"keepAlive\":false,\"defaultMenu\":false,\"title\":\"客户列表（资源示例）\",\"icon\":\"avatar\",\"closeTab\":false},\"authoritys\":null,\"children\":null,\"parameters\":[],\"menuBtn\":[]}],\"parameters\":[],\"menuBtn\":[]},{\"ID\":13,\"createdAt\":\"2023-05-29T08:20:03+08:00\",\"updatedAt\":\"2023-05-29T08:20:03+08:00\",\"parentId\":\"12\",\"path\":\"upload\",\"name\":\"upload\",\"hidden\":false,\"component\":\"view/example/upload/upload.vue\",\"sort\":5,\"meta\":{\"activeName\":\"\",\"keepAlive\":false,\"defaultMenu\":false,\"title\":\"媒体库（上传下载）\",\"icon\":\"upload\",\"closeTab\":false},\"authoritys\":null,\"children\":null,\"parameters\":[],\"menuBtn\":[]},{\"ID\":14,\"createdAt\":\"2023-05-29T08:20:03+08:00\",\"updatedAt\":\"2023-05-29T08:20:03+08:00\",\"parentId\":\"12\",\"path\":\"breakpoint\",\"name\":\"breakpoint\",\"hidden\":false,\"component\":\"view/example/breakpoint/breakpoint.vue\",\"sort\":6,\"meta\":{\"activeName\":\"\",\"keepAlive\":false,\"defaultMenu\":false,\"title\":\"断点续传\",\"icon\":\"upload-filled\",\"closeTab\":false},\"authoritys\":null,\"children\":null,\"parameters\":[],\"menuBtn\":[]},{\"ID\":15,\"createdAt\":\"2023-05-29T08:20:03+08:00\",\"updatedAt\":\"2023-05-29T08:20:03+08:00\",\"parentId\":\"12\",\"path\":\"customer\",\"name\":\"customer\",\"hidden\":false,\"component\":\"view/example/customer/customer.vue\",\"sort\":7,\"meta\":{\"activeName\":\"\",\"keepAlive\":false,\"defaultMenu\":false,\"title\":\"客户列表（资源示例）\",\"icon\":\"avatar\",\"closeTab\":false},\"authoritys\":null,\"children\":null,\"parameters\":[],\"menuBtn\":[]},{\"ID\":24,\"createdAt\":\"2023-05-29T08:20:03+08:00\",\"updatedAt\":\"2023-05-29T08:20:03+08:00\",\"parentId\":\"0\",\"path\":\"state\",\"name\":\"state\",\"hidden\":false,\"component\":\"view/system/state.vue\",\"sort\":8,\"meta\":{\"activeName\":\"\",\"keepAlive\":false,\"defaultMenu\":false,\"title\":\"服务器状态\",\"icon\":\"cloudy\",\"closeTab\":false},\"authoritys\":null,\"children\":null,\"parameters\":[],\"menuBtn\":[]},{\"ID\":2,\"createdAt\":\"2023-05-29T08:20:03+08:00\",\"updatedAt\":\"2023-05-29T08:20:03+08:00\",\"parentId\":\"0\",\"path\":\"about\",\"name\":\"about\",\"hidden\":false,\"component\":\"view/about/index.vue\",\"sort\":9,\"meta\":{\"activeName\":\"\",\"keepAlive\":false,\"defaultMenu\":false,\"title\":\"关于我们\",\"icon\":\"info-filled\",\"closeTab\":false},\"authoritys\":null,\"children\":null,\"parameters\":[],\"menuBtn\":[]}],\"authorityId\":888}', '{\"code\":0,\"data\":{},\"msg\":\"添加成功\"}', 1);
INSERT INTO `sys_operation_records` VALUES (13, '2023-05-29 08:31:06', '2023-05-29 08:31:06', NULL, '127.0.0.1', 'POST', '/menu/addMenuAuthority', 200, 8301700, 'Mozilla/5.0 (Windows NT 10.0; Win64; x64) AppleWebKit/537.36 (KHTML, like Gecko) Chrome/115.0.0.0 Safari/537.36', '', '{\"menus\":[{\"ID\":23,\"createdAt\":\"2023-05-29T08:20:03+08:00\",\"updatedAt\":\"2023-05-29T08:20:03+08:00\",\"parentId\":\"0\",\"path\":\"https://www.gin-vue-admin.com\",\"name\":\"https://www.gin-vue-admin.com\",\"hidden\":false,\"component\":\"/\",\"sort\":0,\"meta\":{\"activeName\":\"\",\"keepAlive\":false,\"defaultMenu\":false,\"title\":\"官方网站\",\"icon\":\"home-filled\",\"closeTab\":false},\"authoritys\":null,\"children\":null,\"parameters\":[],\"menuBtn\":[]},{\"ID\":1,\"createdAt\":\"2023-05-29T08:20:03+08:00\",\"updatedAt\":\"2023-05-29T08:20:03+08:00\",\"parentId\":\"0\",\"path\":\"dashboard\",\"name\":\"dashboard\",\"hidden\":false,\"component\":\"view/dashboard/index.vue\",\"sort\":1,\"meta\":{\"activeName\":\"\",\"keepAlive\":false,\"defaultMenu\":false,\"title\":\"仪表盘\",\"icon\":\"odometer\",\"closeTab\":false},\"authoritys\":null,\"children\":null,\"parameters\":[],\"menuBtn\":[]},{\"ID\":31,\"createdAt\":\"2023-05-29T08:23:42+08:00\",\"updatedAt\":\"2023-05-29T08:23:42+08:00\",\"parentId\":\"0\",\"path\":\"bbs\",\"name\":\"bbs\",\"hidden\":false,\"component\":\"view/routerHolder.vue\",\"sort\":2,\"meta\":{\"activeName\":\"\",\"keepAlive\":false,\"defaultMenu\":false,\"title\":\"帖子管理\",\"icon\":\"aim\",\"closeTab\":false},\"authoritys\":null,\"children\":[{\"ID\":33,\"createdAt\":\"2023-05-29T08:30:56+08:00\",\"updatedAt\":\"2023-05-29T08:30:56+08:00\",\"parentId\":\"31\",\"path\":\"category\",\"name\":\"category\",\"hidden\":false,\"component\":\"view/bbs/category.vue\",\"sort\":0,\"meta\":{\"activeName\":\"\",\"keepAlive\":false,\"defaultMenu\":false,\"title\":\"帖子分类\",\"icon\":\"calendar\",\"closeTab\":false},\"authoritys\":null,\"children\":null,\"parameters\":[],\"menuBtn\":[]},{\"ID\":32,\"createdAt\":\"2023-05-29T08:29:58+08:00\",\"updatedAt\":\"2023-05-29T08:29:58+08:00\",\"parentId\":\"31\",\"path\":\"list\",\"name\":\"list\",\"hidden\":false,\"component\":\"view/bbs/list.vue\",\"sort\":1,\"meta\":{\"activeName\":\"\",\"keepAlive\":false,\"defaultMenu\":false,\"title\":\"帖子列表\",\"icon\":\"aim\",\"closeTab\":false},\"authoritys\":null,\"children\":null,\"parameters\":[],\"menuBtn\":[]}],\"parameters\":[],\"menuBtn\":[]},{\"ID\":33,\"createdAt\":\"2023-05-29T08:30:56+08:00\",\"updatedAt\":\"2023-05-29T08:30:56+08:00\",\"parentId\":\"31\",\"path\":\"category\",\"name\":\"category\",\"hidden\":false,\"component\":\"view/bbs/category.vue\",\"sort\":0,\"meta\":{\"activeName\":\"\",\"keepAlive\":false,\"defaultMenu\":false,\"title\":\"帖子分类\",\"icon\":\"calendar\",\"closeTab\":false},\"authoritys\":null,\"children\":null,\"parameters\":[],\"menuBtn\":[]},{\"ID\":32,\"createdAt\":\"2023-05-29T08:29:58+08:00\",\"updatedAt\":\"2023-05-29T08:29:58+08:00\",\"parentId\":\"31\",\"path\":\"list\",\"name\":\"list\",\"hidden\":false,\"component\":\"view/bbs/list.vue\",\"sort\":1,\"meta\":{\"activeName\":\"\",\"keepAlive\":false,\"defaultMenu\":false,\"title\":\"帖子列表\",\"icon\":\"aim\",\"closeTab\":false},\"authoritys\":null,\"children\":null,\"parameters\":[],\"menuBtn\":[]},{\"ID\":3,\"createdAt\":\"2023-05-29T08:20:03+08:00\",\"updatedAt\":\"2023-05-29T08:20:03+08:00\",\"parentId\":\"0\",\"path\":\"admin\",\"name\":\"superAdmin\",\"hidden\":false,\"component\":\"view/superAdmin/index.vue\",\"sort\":3,\"meta\":{\"activeName\":\"\",\"keepAlive\":false,\"defaultMenu\":false,\"title\":\"超级管理员\",\"icon\":\"user\",\"closeTab\":false},\"authoritys\":null,\"children\":[{\"ID\":9,\"createdAt\":\"2023-05-29T08:20:03+08:00\",\"updatedAt\":\"2023-05-29T08:20:03+08:00\",\"parentId\":\"3\",\"path\":\"dictionaryDetail/:id\",\"name\":\"dictionaryDetail\",\"hidden\":true,\"component\":\"view/superAdmin/dictionary/sysDictionaryDetail.vue\",\"sort\":1,\"meta\":{\"activeName\":\"dictionary\",\"keepAlive\":false,\"defaultMenu\":false,\"title\":\"字典详情-${id}\",\"icon\":\"list\",\"closeTab\":false},\"authoritys\":null,\"children\":null,\"parameters\":[],\"menuBtn\":[]},{\"ID\":4,\"createdAt\":\"2023-05-29T08:20:03+08:00\",\"updatedAt\":\"2023-05-29T08:20:03+08:00\",\"parentId\":\"3\",\"path\":\"authority\",\"name\":\"authority\",\"hidden\":false,\"component\":\"view/superAdmin/authority/authority.vue\",\"sort\":1,\"meta\":{\"activeName\":\"\",\"keepAlive\":false,\"defaultMenu\":false,\"title\":\"角色管理\",\"icon\":\"avatar\",\"closeTab\":false},\"authoritys\":null,\"children\":null,\"parameters\":[],\"menuBtn\":[]},{\"ID\":5,\"createdAt\":\"2023-05-29T08:20:03+08:00\",\"updatedAt\":\"2023-05-29T08:20:03+08:00\",\"parentId\":\"3\",\"path\":\"menu\",\"name\":\"menu\",\"hidden\":false,\"component\":\"view/superAdmin/menu/menu.vue\",\"sort\":2,\"meta\":{\"activeName\":\"\",\"keepAlive\":true,\"defaultMenu\":false,\"title\":\"菜单管理\",\"icon\":\"tickets\",\"closeTab\":false},\"authoritys\":null,\"children\":null,\"parameters\":[],\"menuBtn\":[]},{\"ID\":6,\"createdAt\":\"2023-05-29T08:20:03+08:00\",\"updatedAt\":\"2023-05-29T08:20:03+08:00\",\"parentId\":\"3\",\"path\":\"api\",\"name\":\"api\",\"hidden\":false,\"component\":\"view/superAdmin/api/api.vue\",\"sort\":3,\"meta\":{\"activeName\":\"\",\"keepAlive\":true,\"defaultMenu\":false,\"title\":\"api管理\",\"icon\":\"platform\",\"closeTab\":false},\"authoritys\":null,\"children\":null,\"parameters\":[],\"menuBtn\":[]},{\"ID\":7,\"createdAt\":\"2023-05-29T08:20:03+08:00\",\"updatedAt\":\"2023-05-29T08:20:03+08:00\",\"parentId\":\"3\",\"path\":\"user\",\"name\":\"user\",\"hidden\":false,\"component\":\"view/superAdmin/user/user.vue\",\"sort\":4,\"meta\":{\"activeName\":\"\",\"keepAlive\":false,\"defaultMenu\":false,\"title\":\"用户管理\",\"icon\":\"coordinate\",\"closeTab\":false},\"authoritys\":null,\"children\":null,\"parameters\":[],\"menuBtn\":[]},{\"ID\":8,\"createdAt\":\"2023-05-29T08:20:03+08:00\",\"updatedAt\":\"2023-05-29T08:20:03+08:00\",\"parentId\":\"3\",\"path\":\"dictionary\",\"name\":\"dictionary\",\"hidden\":false,\"component\":\"view/superAdmin/dictionary/sysDictionary.vue\",\"sort\":5,\"meta\":{\"activeName\":\"\",\"keepAlive\":false,\"defaultMenu\":false,\"title\":\"字典管理\",\"icon\":\"notebook\",\"closeTab\":false},\"authoritys\":null,\"children\":null,\"parameters\":[],\"menuBtn\":[]},{\"ID\":10,\"createdAt\":\"2023-05-29T08:20:03+08:00\",\"updatedAt\":\"2023-05-29T08:20:03+08:00\",\"parentId\":\"3\",\"path\":\"operation\",\"name\":\"operation\",\"hidden\":false,\"component\":\"view/superAdmin/operation/sysOperationRecord.vue\",\"sort\":6,\"meta\":{\"activeName\":\"\",\"keepAlive\":false,\"defaultMenu\":false,\"title\":\"操作历史\",\"icon\":\"pie-chart\",\"closeTab\":false},\"authoritys\":null,\"children\":null,\"parameters\":[],\"menuBtn\":[]}],\"parameters\":[],\"menuBtn\":[]},{\"ID\":9,\"createdAt\":\"2023-05-29T08:20:03+08:00\",\"updatedAt\":\"2023-05-29T08:20:03+08:00\",\"parentId\":\"3\",\"path\":\"dictionaryDetail/:id\",\"name\":\"dictionaryDetail\",\"hidden\":true,\"component\":\"view/superAdmin/dictionary/sysDictionaryDetail.vue\",\"sort\":1,\"meta\":{\"activeName\":\"dictionary\",\"keepAlive\":false,\"defaultMenu\":false,\"title\":\"字典详情-${id}\",\"icon\":\"list\",\"closeTab\":false},\"authoritys\":null,\"children\":null,\"parameters\":[],\"menuBtn\":[]},{\"ID\":4,\"createdAt\":\"2023-05-29T08:20:03+08:00\",\"updatedAt\":\"2023-05-29T08:20:03+08:00\",\"parentId\":\"3\",\"path\":\"authority\",\"name\":\"authority\",\"hidden\":false,\"component\":\"view/superAdmin/authority/authority.vue\",\"sort\":1,\"meta\":{\"activeName\":\"\",\"keepAlive\":false,\"defaultMenu\":false,\"title\":\"角色管理\",\"icon\":\"avatar\",\"closeTab\":false},\"authoritys\":null,\"children\":null,\"parameters\":[],\"menuBtn\":[]},{\"ID\":5,\"createdAt\":\"2023-05-29T08:20:03+08:00\",\"updatedAt\":\"2023-05-29T08:20:03+08:00\",\"parentId\":\"3\",\"path\":\"menu\",\"name\":\"menu\",\"hidden\":false,\"component\":\"view/superAdmin/menu/menu.vue\",\"sort\":2,\"meta\":{\"activeName\":\"\",\"keepAlive\":true,\"defaultMenu\":false,\"title\":\"菜单管理\",\"icon\":\"tickets\",\"closeTab\":false},\"authoritys\":null,\"children\":null,\"parameters\":[],\"menuBtn\":[]},{\"ID\":6,\"createdAt\":\"2023-05-29T08:20:03+08:00\",\"updatedAt\":\"2023-05-29T08:20:03+08:00\",\"parentId\":\"3\",\"path\":\"api\",\"name\":\"api\",\"hidden\":false,\"component\":\"view/superAdmin/api/api.vue\",\"sort\":3,\"meta\":{\"activeName\":\"\",\"keepAlive\":true,\"defaultMenu\":false,\"title\":\"api管理\",\"icon\":\"platform\",\"closeTab\":false},\"authoritys\":null,\"children\":null,\"parameters\":[],\"menuBtn\":[]},{\"ID\":7,\"createdAt\":\"2023-05-29T08:20:03+08:00\",\"updatedAt\":\"2023-05-29T08:20:03+08:00\",\"parentId\":\"3\",\"path\":\"user\",\"name\":\"user\",\"hidden\":false,\"component\":\"view/superAdmin/user/user.vue\",\"sort\":4,\"meta\":{\"activeName\":\"\",\"keepAlive\":false,\"defaultMenu\":false,\"title\":\"用户管理\",\"icon\":\"coordinate\",\"closeTab\":false},\"authoritys\":null,\"children\":null,\"parameters\":[],\"menuBtn\":[]},{\"ID\":8,\"createdAt\":\"2023-05-29T08:20:03+08:00\",\"updatedAt\":\"2023-05-29T08:20:03+08:00\",\"parentId\":\"3\",\"path\":\"dictionary\",\"name\":\"dictionary\",\"hidden\":false,\"component\":\"view/superAdmin/dictionary/sysDictionary.vue\",\"sort\":5,\"meta\":{\"activeName\":\"\",\"keepAlive\":false,\"defaultMenu\":false,\"title\":\"字典管理\",\"icon\":\"notebook\",\"closeTab\":false},\"authoritys\":null,\"children\":null,\"parameters\":[],\"menuBtn\":[]},{\"ID\":10,\"createdAt\":\"2023-05-29T08:20:03+08:00\",\"updatedAt\":\"2023-05-29T08:20:03+08:00\",\"parentId\":\"3\",\"path\":\"operation\",\"name\":\"operation\",\"hidden\":false,\"component\":\"view/superAdmin/operation/sysOperationRecord.vue\",\"sort\":6,\"meta\":{\"activeName\":\"\",\"keepAlive\":false,\"defaultMenu\":false,\"title\":\"操作历史\",\"icon\":\"pie-chart\",\"closeTab\":false},\"authoritys\":null,\"children\":null,\"parameters\":[],\"menuBtn\":[]},{\"ID\":11,\"createdAt\":\"2023-05-29T08:20:03+08:00\",\"updatedAt\":\"2023-05-29T08:20:03+08:00\",\"parentId\":\"0\",\"path\":\"person\",\"name\":\"person\",\"hidden\":true,\"component\":\"view/person/person.vue\",\"sort\":4,\"meta\":{\"activeName\":\"\",\"keepAlive\":false,\"defaultMenu\":false,\"title\":\"个人信息\",\"icon\":\"message\",\"closeTab\":false},\"authoritys\":null,\"children\":null,\"parameters\":[],\"menuBtn\":[]},{\"ID\":16,\"createdAt\":\"2023-05-29T08:20:03+08:00\",\"updatedAt\":\"2023-05-29T08:20:03+08:00\",\"parentId\":\"0\",\"path\":\"systemTools\",\"name\":\"systemTools\",\"hidden\":false,\"component\":\"view/systemTools/index.vue\",\"sort\":5,\"meta\":{\"activeName\":\"\",\"keepAlive\":false,\"defaultMenu\":false,\"title\":\"系统工具\",\"icon\":\"tools\",\"closeTab\":false},\"authoritys\":null,\"children\":[{\"ID\":22,\"createdAt\":\"2023-05-29T08:20:03+08:00\",\"updatedAt\":\"2023-05-29T08:20:03+08:00\",\"parentId\":\"16\",\"path\":\"autoPkg\",\"name\":\"autoPkg\",\"hidden\":false,\"component\":\"view/systemTools/autoPkg/autoPkg.vue\",\"sort\":0,\"meta\":{\"activeName\":\"\",\"keepAlive\":false,\"defaultMenu\":false,\"title\":\"自动化package\",\"icon\":\"folder\",\"closeTab\":false},\"authoritys\":null,\"children\":null,\"parameters\":[],\"menuBtn\":[]},{\"ID\":21,\"createdAt\":\"2023-05-29T08:20:03+08:00\",\"updatedAt\":\"2023-05-29T08:20:03+08:00\",\"parentId\":\"16\",\"path\":\"autoCodeEdit/:id\",\"name\":\"autoCodeEdit\",\"hidden\":true,\"component\":\"view/systemTools/autoCode/index.vue\",\"sort\":0,\"meta\":{\"activeName\":\"\",\"keepAlive\":false,\"defaultMenu\":false,\"title\":\"自动化代码-${id}\",\"icon\":\"magic-stick\",\"closeTab\":false},\"authoritys\":null,\"children\":null,\"parameters\":[],\"menuBtn\":[]},{\"ID\":17,\"createdAt\":\"2023-05-29T08:20:03+08:00\",\"updatedAt\":\"2023-05-29T08:20:03+08:00\",\"parentId\":\"16\",\"path\":\"autoCode\",\"name\":\"autoCode\",\"hidden\":false,\"component\":\"view/systemTools/autoCode/index.vue\",\"sort\":1,\"meta\":{\"activeName\":\"\",\"keepAlive\":true,\"defaultMenu\":false,\"title\":\"代码生成器\",\"icon\":\"cpu\",\"closeTab\":false},\"authoritys\":null,\"children\":null,\"parameters\":[],\"menuBtn\":[]},{\"ID\":20,\"createdAt\":\"2023-05-29T08:20:03+08:00\",\"updatedAt\":\"2023-05-29T08:20:03+08:00\",\"parentId\":\"16\",\"path\":\"autoCodeAdmin\",\"name\":\"autoCodeAdmin\",\"hidden\":false,\"component\":\"view/systemTools/autoCodeAdmin/index.vue\",\"sort\":1,\"meta\":{\"activeName\":\"\",\"keepAlive\":false,\"defaultMenu\":false,\"title\":\"自动化代码管理\",\"icon\":\"magic-stick\",\"closeTab\":false},\"authoritys\":null,\"children\":null,\"parameters\":[],\"menuBtn\":[]},{\"ID\":18,\"createdAt\":\"2023-05-29T08:20:03+08:00\",\"updatedAt\":\"2023-05-29T08:20:03+08:00\",\"parentId\":\"16\",\"path\":\"formCreate\",\"name\":\"formCreate\",\"hidden\":false,\"component\":\"view/systemTools/formCreate/index.vue\",\"sort\":2,\"meta\":{\"activeName\":\"\",\"keepAlive\":true,\"defaultMenu\":false,\"title\":\"表单生成器\",\"icon\":\"magic-stick\",\"closeTab\":false},\"authoritys\":null,\"children\":null,\"parameters\":[],\"menuBtn\":[]},{\"ID\":19,\"createdAt\":\"2023-05-29T08:20:03+08:00\",\"updatedAt\":\"2023-05-29T08:20:03+08:00\",\"parentId\":\"16\",\"path\":\"system\",\"name\":\"system\",\"hidden\":false,\"component\":\"view/systemTools/system/system.vue\",\"sort\":3,\"meta\":{\"activeName\":\"\",\"keepAlive\":false,\"defaultMenu\":false,\"title\":\"系统配置\",\"icon\":\"operation\",\"closeTab\":false},\"authoritys\":null,\"children\":null,\"parameters\":[],\"menuBtn\":[]},{\"ID\":30,\"createdAt\":\"2023-05-29T08:20:03+08:00\",\"updatedAt\":\"2023-05-29T08:20:03+08:00\",\"parentId\":\"16\",\"path\":\"chatTable\",\"name\":\"chatTable\",\"hidden\":false,\"component\":\"view/chatgpt/chatTable.vue\",\"sort\":6,\"meta\":{\"activeName\":\"\",\"keepAlive\":false,\"defaultMenu\":false,\"title\":\"万用表格\",\"icon\":\"chat-dot-square\",\"closeTab\":false},\"authoritys\":null,\"children\":null,\"parameters\":[],\"menuBtn\":[]}],\"parameters\":[],\"menuBtn\":[]},{\"ID\":22,\"createdAt\":\"2023-05-29T08:20:03+08:00\",\"updatedAt\":\"2023-05-29T08:20:03+08:00\",\"parentId\":\"16\",\"path\":\"autoPkg\",\"name\":\"autoPkg\",\"hidden\":false,\"component\":\"view/systemTools/autoPkg/autoPkg.vue\",\"sort\":0,\"meta\":{\"activeName\":\"\",\"keepAlive\":false,\"defaultMenu\":false,\"title\":\"自动化package\",\"icon\":\"folder\",\"closeTab\":false},\"authoritys\":null,\"children\":null,\"parameters\":[],\"menuBtn\":[]},{\"ID\":21,\"createdAt\":\"2023-05-29T08:20:03+08:00\",\"updatedAt\":\"2023-05-29T08:20:03+08:00\",\"parentId\":\"16\",\"path\":\"autoCodeEdit/:id\",\"name\":\"autoCodeEdit\",\"hidden\":true,\"component\":\"view/systemTools/autoCode/index.vue\",\"sort\":0,\"meta\":{\"activeName\":\"\",\"keepAlive\":false,\"defaultMenu\":false,\"title\":\"自动化代码-${id}\",\"icon\":\"magic-stick\",\"closeTab\":false},\"authoritys\":null,\"children\":null,\"parameters\":[],\"menuBtn\":[]},{\"ID\":17,\"createdAt\":\"2023-05-29T08:20:03+08:00\",\"updatedAt\":\"2023-05-29T08:20:03+08:00\",\"parentId\":\"16\",\"path\":\"autoCode\",\"name\":\"autoCode\",\"hidden\":false,\"component\":\"view/systemTools/autoCode/index.vue\",\"sort\":1,\"meta\":{\"activeName\":\"\",\"keepAlive\":true,\"defaultMenu\":false,\"title\":\"代码生成器\",\"icon\":\"cpu\",\"closeTab\":false},\"authoritys\":null,\"children\":null,\"parameters\":[],\"menuBtn\":[]},{\"ID\":20,\"createdAt\":\"2023-05-29T08:20:03+08:00\",\"updatedAt\":\"2023-05-29T08:20:03+08:00\",\"parentId\":\"16\",\"path\":\"autoCodeAdmin\",\"name\":\"autoCodeAdmin\",\"hidden\":false,\"component\":\"view/systemTools/autoCodeAdmin/index.vue\",\"sort\":1,\"meta\":{\"activeName\":\"\",\"keepAlive\":false,\"defaultMenu\":false,\"title\":\"自动化代码管理\",\"icon\":\"magic-stick\",\"closeTab\":false},\"authoritys\":null,\"children\":null,\"parameters\":[],\"menuBtn\":[]},{\"ID\":18,\"createdAt\":\"2023-05-29T08:20:03+08:00\",\"updatedAt\":\"2023-05-29T08:20:03+08:00\",\"parentId\":\"16\",\"path\":\"formCreate\",\"name\":\"formCreate\",\"hidden\":false,\"component\":\"view/systemTools/formCreate/index.vue\",\"sort\":2,\"meta\":{\"activeName\":\"\",\"keepAlive\":true,\"defaultMenu\":false,\"title\":\"表单生成器\",\"icon\":\"magic-stick\",\"closeTab\":false},\"authoritys\":null,\"children\":null,\"parameters\":[],\"menuBtn\":[]},{\"ID\":19,\"createdAt\":\"2023-05-29T08:20:03+08:00\",\"updatedAt\":\"2023-05-29T08:20:03+08:00\",\"parentId\":\"16\",\"path\":\"system\",\"name\":\"system\",\"hidden\":false,\"component\":\"view/systemTools/system/system.vue\",\"sort\":3,\"meta\":{\"activeName\":\"\",\"keepAlive\":false,\"defaultMenu\":false,\"title\":\"系统配置\",\"icon\":\"operation\",\"closeTab\":false},\"authoritys\":null,\"children\":null,\"parameters\":[],\"menuBtn\":[]},{\"ID\":30,\"createdAt\":\"2023-05-29T08:20:03+08:00\",\"updatedAt\":\"2023-05-29T08:20:03+08:00\",\"parentId\":\"16\",\"path\":\"chatTable\",\"name\":\"chatTable\",\"hidden\":false,\"component\":\"view/chatgpt/chatTable.vue\",\"sort\":6,\"meta\":{\"activeName\":\"\",\"keepAlive\":false,\"defaultMenu\":false,\"title\":\"万用表格\",\"icon\":\"chat-dot-square\",\"closeTab\":false},\"authoritys\":null,\"children\":null,\"parameters\":[],\"menuBtn\":[]},{\"ID\":25,\"createdAt\":\"2023-05-29T08:20:03+08:00\",\"updatedAt\":\"2023-05-29T08:20:03+08:00\",\"parentId\":\"0\",\"path\":\"plugin\",\"name\":\"plugin\",\"hidden\":false,\"component\":\"view/routerHolder.vue\",\"sort\":6,\"meta\":{\"activeName\":\"\",\"keepAlive\":false,\"defaultMenu\":false,\"title\":\"插件系统\",\"icon\":\"cherry\",\"closeTab\":false},\"authoritys\":null,\"children\":[{\"ID\":26,\"createdAt\":\"2023-05-29T08:20:03+08:00\",\"updatedAt\":\"2023-05-29T08:20:03+08:00\",\"parentId\":\"25\",\"path\":\"https://plugin.gin-vue-admin.com/\",\"name\":\"https://plugin.gin-vue-admin.com/\",\"hidden\":false,\"component\":\"https://plugin.gin-vue-admin.com/\",\"sort\":0,\"meta\":{\"activeName\":\"\",\"keepAlive\":false,\"defaultMenu\":false,\"title\":\"插件市场\",\"icon\":\"shop\",\"closeTab\":false},\"authoritys\":null,\"children\":null,\"parameters\":[],\"menuBtn\":[]},{\"ID\":27,\"createdAt\":\"2023-05-29T08:20:03+08:00\",\"updatedAt\":\"2023-05-29T08:20:03+08:00\",\"parentId\":\"25\",\"path\":\"installPlugin\",\"name\":\"installPlugin\",\"hidden\":false,\"component\":\"view/systemTools/installPlugin/index.vue\",\"sort\":1,\"meta\":{\"activeName\":\"\",\"keepAlive\":false,\"defaultMenu\":false,\"title\":\"插件安装\",\"icon\":\"box\",\"closeTab\":false},\"authoritys\":null,\"children\":null,\"parameters\":[],\"menuBtn\":[]},{\"ID\":28,\"createdAt\":\"2023-05-29T08:20:03+08:00\",\"updatedAt\":\"2023-05-29T08:20:03+08:00\",\"parentId\":\"25\",\"path\":\"autoPlug\",\"name\":\"autoPlug\",\"hidden\":false,\"component\":\"view/systemTools/autoPlug/autoPlug.vue\",\"sort\":2,\"meta\":{\"activeName\":\"\",\"keepAlive\":false,\"defaultMenu\":false,\"title\":\"插件模板\",\"icon\":\"folder\",\"closeTab\":false},\"authoritys\":null,\"children\":null,\"parameters\":[],\"menuBtn\":[]},{\"ID\":29,\"createdAt\":\"2023-05-29T08:20:03+08:00\",\"updatedAt\":\"2023-05-29T08:20:03+08:00\",\"parentId\":\"25\",\"path\":\"plugin-email\",\"name\":\"plugin-email\",\"hidden\":false,\"component\":\"plugin/email/view/index.vue\",\"sort\":3,\"meta\":{\"activeName\":\"\",\"keepAlive\":false,\"defaultMenu\":false,\"title\":\"邮件插件\",\"icon\":\"message\",\"closeTab\":false},\"authoritys\":null,\"children\":null,\"parameters\":[],\"menuBtn\":[]}],\"parameters\":[],\"menuBtn\":[]},{\"ID\":26,\"createdAt\":\"2023-05-29T08:20:03+08:00\",\"updatedAt\":\"2023-05-29T08:20:03+08:00\",\"parentId\":\"25\",\"path\":\"https://plugin.gin-vue-admin.com/\",\"name\":\"https://plugin.gin-vue-admin.com/\",\"hidden\":false,\"component\":\"https://plugin.gin-vue-admin.com/\",\"sort\":0,\"meta\":{\"activeName\":\"\",\"keepAlive\":false,\"defaultMenu\":false,\"title\":\"插件市场\",\"icon\":\"shop\",\"closeTab\":false},\"authoritys\":null,\"children\":null,\"parameters\":[],\"menuBtn\":[]},{\"ID\":27,\"createdAt\":\"2023-05-29T08:20:03+08:00\",\"updatedAt\":\"2023-05-29T08:20:03+08:00\",\"parentId\":\"25\",\"path\":\"installPlugin\",\"name\":\"installPlugin\",\"hidden\":false,\"component\":\"view/systemTools/installPlugin/index.vue\",\"sort\":1,\"meta\":{\"activeName\":\"\",\"keepAlive\":false,\"defaultMenu\":false,\"title\":\"插件安装\",\"icon\":\"box\",\"closeTab\":false},\"authoritys\":null,\"children\":null,\"parameters\":[],\"menuBtn\":[]},{\"ID\":28,\"createdAt\":\"2023-05-29T08:20:03+08:00\",\"updatedAt\":\"2023-05-29T08:20:03+08:00\",\"parentId\":\"25\",\"path\":\"autoPlug\",\"name\":\"autoPlug\",\"hidden\":false,\"component\":\"view/systemTools/autoPlug/autoPlug.vue\",\"sort\":2,\"meta\":{\"activeName\":\"\",\"keepAlive\":false,\"defaultMenu\":false,\"title\":\"插件模板\",\"icon\":\"folder\",\"closeTab\":false},\"authoritys\":null,\"children\":null,\"parameters\":[],\"menuBtn\":[]},{\"ID\":29,\"createdAt\":\"2023-05-29T08:20:03+08:00\",\"updatedAt\":\"2023-05-29T08:20:03+08:00\",\"parentId\":\"25\",\"path\":\"plugin-email\",\"name\":\"plugin-email\",\"hidden\":false,\"component\":\"plugin/email/view/index.vue\",\"sort\":3,\"meta\":{\"activeName\":\"\",\"keepAlive\":false,\"defaultMenu\":false,\"title\":\"邮件插件\",\"icon\":\"message\",\"closeTab\":false},\"authoritys\":null,\"children\":null,\"parameters\":[],\"menuBtn\":[]},{\"ID\":12,\"createdAt\":\"2023-05-29T08:20:03+08:00\",\"updatedAt\":\"2023-05-29T08:20:03+08:00\",\"parentId\":\"0\",\"path\":\"example\",\"name\":\"example\",\"hidden\":false,\"component\":\"view/example/index.vue\",\"sort\":7,\"meta\":{\"activeName\":\"\",\"keepAlive\":false,\"defaultMenu\":false,\"title\":\"示例文件\",\"icon\":\"management\",\"closeTab\":false},\"authoritys\":null,\"children\":[{\"ID\":13,\"createdAt\":\"2023-05-29T08:20:03+08:00\",\"updatedAt\":\"2023-05-29T08:20:03+08:00\",\"parentId\":\"12\",\"path\":\"upload\",\"name\":\"upload\",\"hidden\":false,\"component\":\"view/example/upload/upload.vue\",\"sort\":5,\"meta\":{\"activeName\":\"\",\"keepAlive\":false,\"defaultMenu\":false,\"title\":\"媒体库（上传下载）\",\"icon\":\"upload\",\"closeTab\":false},\"authoritys\":null,\"children\":null,\"parameters\":[],\"menuBtn\":[]},{\"ID\":14,\"createdAt\":\"2023-05-29T08:20:03+08:00\",\"updatedAt\":\"2023-05-29T08:20:03+08:00\",\"parentId\":\"12\",\"path\":\"breakpoint\",\"name\":\"breakpoint\",\"hidden\":false,\"component\":\"view/example/breakpoint/breakpoint.vue\",\"sort\":6,\"meta\":{\"activeName\":\"\",\"keepAlive\":false,\"defaultMenu\":false,\"title\":\"断点续传\",\"icon\":\"upload-filled\",\"closeTab\":false},\"authoritys\":null,\"children\":null,\"parameters\":[],\"menuBtn\":[]},{\"ID\":15,\"createdAt\":\"2023-05-29T08:20:03+08:00\",\"updatedAt\":\"2023-05-29T08:20:03+08:00\",\"parentId\":\"12\",\"path\":\"customer\",\"name\":\"customer\",\"hidden\":false,\"component\":\"view/example/customer/customer.vue\",\"sort\":7,\"meta\":{\"activeName\":\"\",\"keepAlive\":false,\"defaultMenu\":false,\"title\":\"客户列表（资源示例）\",\"icon\":\"avatar\",\"closeTab\":false},\"authoritys\":null,\"children\":null,\"parameters\":[],\"menuBtn\":[]}],\"parameters\":[],\"menuBtn\":[]},{\"ID\":13,\"createdAt\":\"2023-05-29T08:20:03+08:00\",\"updatedAt\":\"2023-05-29T08:20:03+08:00\",\"parentId\":\"12\",\"path\":\"upload\",\"name\":\"upload\",\"hidden\":false,\"component\":\"view/example/upload/upload.vue\",\"sort\":5,\"meta\":{\"activeName\":\"\",\"keepAlive\":false,\"defaultMenu\":false,\"title\":\"媒体库（上传下载）\",\"icon\":\"upload\",\"closeTab\":false},\"authoritys\":null,\"children\":null,\"parameters\":[],\"menuBtn\":[]},{\"ID\":14,\"createdAt\":\"2023-05-29T08:20:03+08:00\",\"updatedAt\":\"2023-05-29T08:20:03+08:00\",\"parentId\":\"12\",\"path\":\"breakpoint\",\"name\":\"breakpoint\",\"hidden\":false,\"component\":\"view/example/breakpoint/breakpoint.vue\",\"sort\":6,\"meta\":{\"activeName\":\"\",\"keepAlive\":false,\"defaultMenu\":false,\"title\":\"断点续传\",\"icon\":\"upload-filled\",\"closeTab\":false},\"authoritys\":null,\"children\":null,\"parameters\":[],\"menuBtn\":[]},{\"ID\":15,\"createdAt\":\"2023-05-29T08:20:03+08:00\",\"updatedAt\":\"2023-05-29T08:20:03+08:00\",\"parentId\":\"12\",\"path\":\"customer\",\"name\":\"customer\",\"hidden\":false,\"component\":\"view/example/customer/customer.vue\",\"sort\":7,\"meta\":{\"activeName\":\"\",\"keepAlive\":false,\"defaultMenu\":false,\"title\":\"客户列表（资源示例）\",\"icon\":\"avatar\",\"closeTab\":false},\"authoritys\":null,\"children\":null,\"parameters\":[],\"menuBtn\":[]},{\"ID\":24,\"createdAt\":\"2023-05-29T08:20:03+08:00\",\"updatedAt\":\"2023-05-29T08:20:03+08:00\",\"parentId\":\"0\",\"path\":\"state\",\"name\":\"state\",\"hidden\":false,\"component\":\"view/system/state.vue\",\"sort\":8,\"meta\":{\"activeName\":\"\",\"keepAlive\":false,\"defaultMenu\":false,\"title\":\"服务器状态\",\"icon\":\"cloudy\",\"closeTab\":false},\"authoritys\":null,\"children\":null,\"parameters\":[],\"menuBtn\":[]},{\"ID\":2,\"createdAt\":\"2023-05-29T08:20:03+08:00\",\"updatedAt\":\"2023-05-29T08:20:03+08:00\",\"parentId\":\"0\",\"path\":\"about\",\"name\":\"about\",\"hidden\":false,\"component\":\"view/about/index.vue\",\"sort\":9,\"meta\":{\"activeName\":\"\",\"keepAlive\":false,\"defaultMenu\":false,\"title\":\"关于我们\",\"icon\":\"info-filled\",\"closeTab\":false},\"authoritys\":null,\"children\":null,\"parameters\":[],\"menuBtn\":[]}],\"authorityId\":888}', '{\"code\":0,\"data\":{},\"msg\":\"添加成功\"}', 1);
INSERT INTO `sys_operation_records` VALUES (14, '2023-05-29 08:31:08', '2023-05-29 08:31:08', NULL, '127.0.0.1', 'POST', '/menu/addMenuAuthority', 200, 8238200, 'Mozilla/5.0 (Windows NT 10.0; Win64; x64) AppleWebKit/537.36 (KHTML, like Gecko) Chrome/115.0.0.0 Safari/537.36', '', '{\"menus\":[{\"ID\":23,\"createdAt\":\"2023-05-29T08:20:03+08:00\",\"updatedAt\":\"2023-05-29T08:20:03+08:00\",\"parentId\":\"0\",\"path\":\"https://www.gin-vue-admin.com\",\"name\":\"https://www.gin-vue-admin.com\",\"hidden\":false,\"component\":\"/\",\"sort\":0,\"meta\":{\"activeName\":\"\",\"keepAlive\":false,\"defaultMenu\":false,\"title\":\"官方网站\",\"icon\":\"home-filled\",\"closeTab\":false},\"authoritys\":null,\"children\":null,\"parameters\":[],\"menuBtn\":[]},{\"ID\":1,\"createdAt\":\"2023-05-29T08:20:03+08:00\",\"updatedAt\":\"2023-05-29T08:20:03+08:00\",\"parentId\":\"0\",\"path\":\"dashboard\",\"name\":\"dashboard\",\"hidden\":false,\"component\":\"view/dashboard/index.vue\",\"sort\":1,\"meta\":{\"activeName\":\"\",\"keepAlive\":false,\"defaultMenu\":false,\"title\":\"仪表盘\",\"icon\":\"odometer\",\"closeTab\":false},\"authoritys\":null,\"children\":null,\"parameters\":[],\"menuBtn\":[]},{\"ID\":31,\"createdAt\":\"2023-05-29T08:23:42+08:00\",\"updatedAt\":\"2023-05-29T08:23:42+08:00\",\"parentId\":\"0\",\"path\":\"bbs\",\"name\":\"bbs\",\"hidden\":false,\"component\":\"view/routerHolder.vue\",\"sort\":2,\"meta\":{\"activeName\":\"\",\"keepAlive\":false,\"defaultMenu\":false,\"title\":\"帖子管理\",\"icon\":\"aim\",\"closeTab\":false},\"authoritys\":null,\"children\":[{\"ID\":33,\"createdAt\":\"2023-05-29T08:30:56+08:00\",\"updatedAt\":\"2023-05-29T08:30:56+08:00\",\"parentId\":\"31\",\"path\":\"category\",\"name\":\"category\",\"hidden\":false,\"component\":\"view/bbs/category.vue\",\"sort\":0,\"meta\":{\"activeName\":\"\",\"keepAlive\":false,\"defaultMenu\":false,\"title\":\"帖子分类\",\"icon\":\"calendar\",\"closeTab\":false},\"authoritys\":null,\"children\":null,\"parameters\":[],\"menuBtn\":[]},{\"ID\":32,\"createdAt\":\"2023-05-29T08:29:58+08:00\",\"updatedAt\":\"2023-05-29T08:29:58+08:00\",\"parentId\":\"31\",\"path\":\"list\",\"name\":\"list\",\"hidden\":false,\"component\":\"view/bbs/list.vue\",\"sort\":1,\"meta\":{\"activeName\":\"\",\"keepAlive\":false,\"defaultMenu\":false,\"title\":\"帖子列表\",\"icon\":\"aim\",\"closeTab\":false},\"authoritys\":null,\"children\":null,\"parameters\":[],\"menuBtn\":[]}],\"parameters\":[],\"menuBtn\":[]},{\"ID\":33,\"createdAt\":\"2023-05-29T08:30:56+08:00\",\"updatedAt\":\"2023-05-29T08:30:56+08:00\",\"parentId\":\"31\",\"path\":\"category\",\"name\":\"category\",\"hidden\":false,\"component\":\"view/bbs/category.vue\",\"sort\":0,\"meta\":{\"activeName\":\"\",\"keepAlive\":false,\"defaultMenu\":false,\"title\":\"帖子分类\",\"icon\":\"calendar\",\"closeTab\":false},\"authoritys\":null,\"children\":null,\"parameters\":[],\"menuBtn\":[]},{\"ID\":32,\"createdAt\":\"2023-05-29T08:29:58+08:00\",\"updatedAt\":\"2023-05-29T08:29:58+08:00\",\"parentId\":\"31\",\"path\":\"list\",\"name\":\"list\",\"hidden\":false,\"component\":\"view/bbs/list.vue\",\"sort\":1,\"meta\":{\"activeName\":\"\",\"keepAlive\":false,\"defaultMenu\":false,\"title\":\"帖子列表\",\"icon\":\"aim\",\"closeTab\":false},\"authoritys\":null,\"children\":null,\"parameters\":[],\"menuBtn\":[]},{\"ID\":3,\"createdAt\":\"2023-05-29T08:20:03+08:00\",\"updatedAt\":\"2023-05-29T08:20:03+08:00\",\"parentId\":\"0\",\"path\":\"admin\",\"name\":\"superAdmin\",\"hidden\":false,\"component\":\"view/superAdmin/index.vue\",\"sort\":3,\"meta\":{\"activeName\":\"\",\"keepAlive\":false,\"defaultMenu\":false,\"title\":\"超级管理员\",\"icon\":\"user\",\"closeTab\":false},\"authoritys\":null,\"children\":[{\"ID\":9,\"createdAt\":\"2023-05-29T08:20:03+08:00\",\"updatedAt\":\"2023-05-29T08:20:03+08:00\",\"parentId\":\"3\",\"path\":\"dictionaryDetail/:id\",\"name\":\"dictionaryDetail\",\"hidden\":true,\"component\":\"view/superAdmin/dictionary/sysDictionaryDetail.vue\",\"sort\":1,\"meta\":{\"activeName\":\"dictionary\",\"keepAlive\":false,\"defaultMenu\":false,\"title\":\"字典详情-${id}\",\"icon\":\"list\",\"closeTab\":false},\"authoritys\":null,\"children\":null,\"parameters\":[],\"menuBtn\":[]},{\"ID\":4,\"createdAt\":\"2023-05-29T08:20:03+08:00\",\"updatedAt\":\"2023-05-29T08:20:03+08:00\",\"parentId\":\"3\",\"path\":\"authority\",\"name\":\"authority\",\"hidden\":false,\"component\":\"view/superAdmin/authority/authority.vue\",\"sort\":1,\"meta\":{\"activeName\":\"\",\"keepAlive\":false,\"defaultMenu\":false,\"title\":\"角色管理\",\"icon\":\"avatar\",\"closeTab\":false},\"authoritys\":null,\"children\":null,\"parameters\":[],\"menuBtn\":[]},{\"ID\":5,\"createdAt\":\"2023-05-29T08:20:03+08:00\",\"updatedAt\":\"2023-05-29T08:20:03+08:00\",\"parentId\":\"3\",\"path\":\"menu\",\"name\":\"menu\",\"hidden\":false,\"component\":\"view/superAdmin/menu/menu.vue\",\"sort\":2,\"meta\":{\"activeName\":\"\",\"keepAlive\":true,\"defaultMenu\":false,\"title\":\"菜单管理\",\"icon\":\"tickets\",\"closeTab\":false},\"authoritys\":null,\"children\":null,\"parameters\":[],\"menuBtn\":[]},{\"ID\":6,\"createdAt\":\"2023-05-29T08:20:03+08:00\",\"updatedAt\":\"2023-05-29T08:20:03+08:00\",\"parentId\":\"3\",\"path\":\"api\",\"name\":\"api\",\"hidden\":false,\"component\":\"view/superAdmin/api/api.vue\",\"sort\":3,\"meta\":{\"activeName\":\"\",\"keepAlive\":true,\"defaultMenu\":false,\"title\":\"api管理\",\"icon\":\"platform\",\"closeTab\":false},\"authoritys\":null,\"children\":null,\"parameters\":[],\"menuBtn\":[]},{\"ID\":7,\"createdAt\":\"2023-05-29T08:20:03+08:00\",\"updatedAt\":\"2023-05-29T08:20:03+08:00\",\"parentId\":\"3\",\"path\":\"user\",\"name\":\"user\",\"hidden\":false,\"component\":\"view/superAdmin/user/user.vue\",\"sort\":4,\"meta\":{\"activeName\":\"\",\"keepAlive\":false,\"defaultMenu\":false,\"title\":\"用户管理\",\"icon\":\"coordinate\",\"closeTab\":false},\"authoritys\":null,\"children\":null,\"parameters\":[],\"menuBtn\":[]},{\"ID\":8,\"createdAt\":\"2023-05-29T08:20:03+08:00\",\"updatedAt\":\"2023-05-29T08:20:03+08:00\",\"parentId\":\"3\",\"path\":\"dictionary\",\"name\":\"dictionary\",\"hidden\":false,\"component\":\"view/superAdmin/dictionary/sysDictionary.vue\",\"sort\":5,\"meta\":{\"activeName\":\"\",\"keepAlive\":false,\"defaultMenu\":false,\"title\":\"字典管理\",\"icon\":\"notebook\",\"closeTab\":false},\"authoritys\":null,\"children\":null,\"parameters\":[],\"menuBtn\":[]},{\"ID\":10,\"createdAt\":\"2023-05-29T08:20:03+08:00\",\"updatedAt\":\"2023-05-29T08:20:03+08:00\",\"parentId\":\"3\",\"path\":\"operation\",\"name\":\"operation\",\"hidden\":false,\"component\":\"view/superAdmin/operation/sysOperationRecord.vue\",\"sort\":6,\"meta\":{\"activeName\":\"\",\"keepAlive\":false,\"defaultMenu\":false,\"title\":\"操作历史\",\"icon\":\"pie-chart\",\"closeTab\":false},\"authoritys\":null,\"children\":null,\"parameters\":[],\"menuBtn\":[]}],\"parameters\":[],\"menuBtn\":[]},{\"ID\":9,\"createdAt\":\"2023-05-29T08:20:03+08:00\",\"updatedAt\":\"2023-05-29T08:20:03+08:00\",\"parentId\":\"3\",\"path\":\"dictionaryDetail/:id\",\"name\":\"dictionaryDetail\",\"hidden\":true,\"component\":\"view/superAdmin/dictionary/sysDictionaryDetail.vue\",\"sort\":1,\"meta\":{\"activeName\":\"dictionary\",\"keepAlive\":false,\"defaultMenu\":false,\"title\":\"字典详情-${id}\",\"icon\":\"list\",\"closeTab\":false},\"authoritys\":null,\"children\":null,\"parameters\":[],\"menuBtn\":[]},{\"ID\":4,\"createdAt\":\"2023-05-29T08:20:03+08:00\",\"updatedAt\":\"2023-05-29T08:20:03+08:00\",\"parentId\":\"3\",\"path\":\"authority\",\"name\":\"authority\",\"hidden\":false,\"component\":\"view/superAdmin/authority/authority.vue\",\"sort\":1,\"meta\":{\"activeName\":\"\",\"keepAlive\":false,\"defaultMenu\":false,\"title\":\"角色管理\",\"icon\":\"avatar\",\"closeTab\":false},\"authoritys\":null,\"children\":null,\"parameters\":[],\"menuBtn\":[]},{\"ID\":5,\"createdAt\":\"2023-05-29T08:20:03+08:00\",\"updatedAt\":\"2023-05-29T08:20:03+08:00\",\"parentId\":\"3\",\"path\":\"menu\",\"name\":\"menu\",\"hidden\":false,\"component\":\"view/superAdmin/menu/menu.vue\",\"sort\":2,\"meta\":{\"activeName\":\"\",\"keepAlive\":true,\"defaultMenu\":false,\"title\":\"菜单管理\",\"icon\":\"tickets\",\"closeTab\":false},\"authoritys\":null,\"children\":null,\"parameters\":[],\"menuBtn\":[]},{\"ID\":6,\"createdAt\":\"2023-05-29T08:20:03+08:00\",\"updatedAt\":\"2023-05-29T08:20:03+08:00\",\"parentId\":\"3\",\"path\":\"api\",\"name\":\"api\",\"hidden\":false,\"component\":\"view/superAdmin/api/api.vue\",\"sort\":3,\"meta\":{\"activeName\":\"\",\"keepAlive\":true,\"defaultMenu\":false,\"title\":\"api管理\",\"icon\":\"platform\",\"closeTab\":false},\"authoritys\":null,\"children\":null,\"parameters\":[],\"menuBtn\":[]},{\"ID\":7,\"createdAt\":\"2023-05-29T08:20:03+08:00\",\"updatedAt\":\"2023-05-29T08:20:03+08:00\",\"parentId\":\"3\",\"path\":\"user\",\"name\":\"user\",\"hidden\":false,\"component\":\"view/superAdmin/user/user.vue\",\"sort\":4,\"meta\":{\"activeName\":\"\",\"keepAlive\":false,\"defaultMenu\":false,\"title\":\"用户管理\",\"icon\":\"coordinate\",\"closeTab\":false},\"authoritys\":null,\"children\":null,\"parameters\":[],\"menuBtn\":[]},{\"ID\":8,\"createdAt\":\"2023-05-29T08:20:03+08:00\",\"updatedAt\":\"2023-05-29T08:20:03+08:00\",\"parentId\":\"3\",\"path\":\"dictionary\",\"name\":\"dictionary\",\"hidden\":false,\"component\":\"view/superAdmin/dictionary/sysDictionary.vue\",\"sort\":5,\"meta\":{\"activeName\":\"\",\"keepAlive\":false,\"defaultMenu\":false,\"title\":\"字典管理\",\"icon\":\"notebook\",\"closeTab\":false},\"authoritys\":null,\"children\":null,\"parameters\":[],\"menuBtn\":[]},{\"ID\":10,\"createdAt\":\"2023-05-29T08:20:03+08:00\",\"updatedAt\":\"2023-05-29T08:20:03+08:00\",\"parentId\":\"3\",\"path\":\"operation\",\"name\":\"operation\",\"hidden\":false,\"component\":\"view/superAdmin/operation/sysOperationRecord.vue\",\"sort\":6,\"meta\":{\"activeName\":\"\",\"keepAlive\":false,\"defaultMenu\":false,\"title\":\"操作历史\",\"icon\":\"pie-chart\",\"closeTab\":false},\"authoritys\":null,\"children\":null,\"parameters\":[],\"menuBtn\":[]},{\"ID\":11,\"createdAt\":\"2023-05-29T08:20:03+08:00\",\"updatedAt\":\"2023-05-29T08:20:03+08:00\",\"parentId\":\"0\",\"path\":\"person\",\"name\":\"person\",\"hidden\":true,\"component\":\"view/person/person.vue\",\"sort\":4,\"meta\":{\"activeName\":\"\",\"keepAlive\":false,\"defaultMenu\":false,\"title\":\"个人信息\",\"icon\":\"message\",\"closeTab\":false},\"authoritys\":null,\"children\":null,\"parameters\":[],\"menuBtn\":[]},{\"ID\":16,\"createdAt\":\"2023-05-29T08:20:03+08:00\",\"updatedAt\":\"2023-05-29T08:20:03+08:00\",\"parentId\":\"0\",\"path\":\"systemTools\",\"name\":\"systemTools\",\"hidden\":false,\"component\":\"view/systemTools/index.vue\",\"sort\":5,\"meta\":{\"activeName\":\"\",\"keepAlive\":false,\"defaultMenu\":false,\"title\":\"系统工具\",\"icon\":\"tools\",\"closeTab\":false},\"authoritys\":null,\"children\":[{\"ID\":22,\"createdAt\":\"2023-05-29T08:20:03+08:00\",\"updatedAt\":\"2023-05-29T08:20:03+08:00\",\"parentId\":\"16\",\"path\":\"autoPkg\",\"name\":\"autoPkg\",\"hidden\":false,\"component\":\"view/systemTools/autoPkg/autoPkg.vue\",\"sort\":0,\"meta\":{\"activeName\":\"\",\"keepAlive\":false,\"defaultMenu\":false,\"title\":\"自动化package\",\"icon\":\"folder\",\"closeTab\":false},\"authoritys\":null,\"children\":null,\"parameters\":[],\"menuBtn\":[]},{\"ID\":21,\"createdAt\":\"2023-05-29T08:20:03+08:00\",\"updatedAt\":\"2023-05-29T08:20:03+08:00\",\"parentId\":\"16\",\"path\":\"autoCodeEdit/:id\",\"name\":\"autoCodeEdit\",\"hidden\":true,\"component\":\"view/systemTools/autoCode/index.vue\",\"sort\":0,\"meta\":{\"activeName\":\"\",\"keepAlive\":false,\"defaultMenu\":false,\"title\":\"自动化代码-${id}\",\"icon\":\"magic-stick\",\"closeTab\":false},\"authoritys\":null,\"children\":null,\"parameters\":[],\"menuBtn\":[]},{\"ID\":17,\"createdAt\":\"2023-05-29T08:20:03+08:00\",\"updatedAt\":\"2023-05-29T08:20:03+08:00\",\"parentId\":\"16\",\"path\":\"autoCode\",\"name\":\"autoCode\",\"hidden\":false,\"component\":\"view/systemTools/autoCode/index.vue\",\"sort\":1,\"meta\":{\"activeName\":\"\",\"keepAlive\":true,\"defaultMenu\":false,\"title\":\"代码生成器\",\"icon\":\"cpu\",\"closeTab\":false},\"authoritys\":null,\"children\":null,\"parameters\":[],\"menuBtn\":[]},{\"ID\":20,\"createdAt\":\"2023-05-29T08:20:03+08:00\",\"updatedAt\":\"2023-05-29T08:20:03+08:00\",\"parentId\":\"16\",\"path\":\"autoCodeAdmin\",\"name\":\"autoCodeAdmin\",\"hidden\":false,\"component\":\"view/systemTools/autoCodeAdmin/index.vue\",\"sort\":1,\"meta\":{\"activeName\":\"\",\"keepAlive\":false,\"defaultMenu\":false,\"title\":\"自动化代码管理\",\"icon\":\"magic-stick\",\"closeTab\":false},\"authoritys\":null,\"children\":null,\"parameters\":[],\"menuBtn\":[]},{\"ID\":18,\"createdAt\":\"2023-05-29T08:20:03+08:00\",\"updatedAt\":\"2023-05-29T08:20:03+08:00\",\"parentId\":\"16\",\"path\":\"formCreate\",\"name\":\"formCreate\",\"hidden\":false,\"component\":\"view/systemTools/formCreate/index.vue\",\"sort\":2,\"meta\":{\"activeName\":\"\",\"keepAlive\":true,\"defaultMenu\":false,\"title\":\"表单生成器\",\"icon\":\"magic-stick\",\"closeTab\":false},\"authoritys\":null,\"children\":null,\"parameters\":[],\"menuBtn\":[]},{\"ID\":19,\"createdAt\":\"2023-05-29T08:20:03+08:00\",\"updatedAt\":\"2023-05-29T08:20:03+08:00\",\"parentId\":\"16\",\"path\":\"system\",\"name\":\"system\",\"hidden\":false,\"component\":\"view/systemTools/system/system.vue\",\"sort\":3,\"meta\":{\"activeName\":\"\",\"keepAlive\":false,\"defaultMenu\":false,\"title\":\"系统配置\",\"icon\":\"operation\",\"closeTab\":false},\"authoritys\":null,\"children\":null,\"parameters\":[],\"menuBtn\":[]},{\"ID\":30,\"createdAt\":\"2023-05-29T08:20:03+08:00\",\"updatedAt\":\"2023-05-29T08:20:03+08:00\",\"parentId\":\"16\",\"path\":\"chatTable\",\"name\":\"chatTable\",\"hidden\":false,\"component\":\"view/chatgpt/chatTable.vue\",\"sort\":6,\"meta\":{\"activeName\":\"\",\"keepAlive\":false,\"defaultMenu\":false,\"title\":\"万用表格\",\"icon\":\"chat-dot-square\",\"closeTab\":false},\"authoritys\":null,\"children\":null,\"parameters\":[],\"menuBtn\":[]}],\"parameters\":[],\"menuBtn\":[]},{\"ID\":22,\"createdAt\":\"2023-05-29T08:20:03+08:00\",\"updatedAt\":\"2023-05-29T08:20:03+08:00\",\"parentId\":\"16\",\"path\":\"autoPkg\",\"name\":\"autoPkg\",\"hidden\":false,\"component\":\"view/systemTools/autoPkg/autoPkg.vue\",\"sort\":0,\"meta\":{\"activeName\":\"\",\"keepAlive\":false,\"defaultMenu\":false,\"title\":\"自动化package\",\"icon\":\"folder\",\"closeTab\":false},\"authoritys\":null,\"children\":null,\"parameters\":[],\"menuBtn\":[]},{\"ID\":21,\"createdAt\":\"2023-05-29T08:20:03+08:00\",\"updatedAt\":\"2023-05-29T08:20:03+08:00\",\"parentId\":\"16\",\"path\":\"autoCodeEdit/:id\",\"name\":\"autoCodeEdit\",\"hidden\":true,\"component\":\"view/systemTools/autoCode/index.vue\",\"sort\":0,\"meta\":{\"activeName\":\"\",\"keepAlive\":false,\"defaultMenu\":false,\"title\":\"自动化代码-${id}\",\"icon\":\"magic-stick\",\"closeTab\":false},\"authoritys\":null,\"children\":null,\"parameters\":[],\"menuBtn\":[]},{\"ID\":17,\"createdAt\":\"2023-05-29T08:20:03+08:00\",\"updatedAt\":\"2023-05-29T08:20:03+08:00\",\"parentId\":\"16\",\"path\":\"autoCode\",\"name\":\"autoCode\",\"hidden\":false,\"component\":\"view/systemTools/autoCode/index.vue\",\"sort\":1,\"meta\":{\"activeName\":\"\",\"keepAlive\":true,\"defaultMenu\":false,\"title\":\"代码生成器\",\"icon\":\"cpu\",\"closeTab\":false},\"authoritys\":null,\"children\":null,\"parameters\":[],\"menuBtn\":[]},{\"ID\":20,\"createdAt\":\"2023-05-29T08:20:03+08:00\",\"updatedAt\":\"2023-05-29T08:20:03+08:00\",\"parentId\":\"16\",\"path\":\"autoCodeAdmin\",\"name\":\"autoCodeAdmin\",\"hidden\":false,\"component\":\"view/systemTools/autoCodeAdmin/index.vue\",\"sort\":1,\"meta\":{\"activeName\":\"\",\"keepAlive\":false,\"defaultMenu\":false,\"title\":\"自动化代码管理\",\"icon\":\"magic-stick\",\"closeTab\":false},\"authoritys\":null,\"children\":null,\"parameters\":[],\"menuBtn\":[]},{\"ID\":18,\"createdAt\":\"2023-05-29T08:20:03+08:00\",\"updatedAt\":\"2023-05-29T08:20:03+08:00\",\"parentId\":\"16\",\"path\":\"formCreate\",\"name\":\"formCreate\",\"hidden\":false,\"component\":\"view/systemTools/formCreate/index.vue\",\"sort\":2,\"meta\":{\"activeName\":\"\",\"keepAlive\":true,\"defaultMenu\":false,\"title\":\"表单生成器\",\"icon\":\"magic-stick\",\"closeTab\":false},\"authoritys\":null,\"children\":null,\"parameters\":[],\"menuBtn\":[]},{\"ID\":19,\"createdAt\":\"2023-05-29T08:20:03+08:00\",\"updatedAt\":\"2023-05-29T08:20:03+08:00\",\"parentId\":\"16\",\"path\":\"system\",\"name\":\"system\",\"hidden\":false,\"component\":\"view/systemTools/system/system.vue\",\"sort\":3,\"meta\":{\"activeName\":\"\",\"keepAlive\":false,\"defaultMenu\":false,\"title\":\"系统配置\",\"icon\":\"operation\",\"closeTab\":false},\"authoritys\":null,\"children\":null,\"parameters\":[],\"menuBtn\":[]},{\"ID\":30,\"createdAt\":\"2023-05-29T08:20:03+08:00\",\"updatedAt\":\"2023-05-29T08:20:03+08:00\",\"parentId\":\"16\",\"path\":\"chatTable\",\"name\":\"chatTable\",\"hidden\":false,\"component\":\"view/chatgpt/chatTable.vue\",\"sort\":6,\"meta\":{\"activeName\":\"\",\"keepAlive\":false,\"defaultMenu\":false,\"title\":\"万用表格\",\"icon\":\"chat-dot-square\",\"closeTab\":false},\"authoritys\":null,\"children\":null,\"parameters\":[],\"menuBtn\":[]},{\"ID\":25,\"createdAt\":\"2023-05-29T08:20:03+08:00\",\"updatedAt\":\"2023-05-29T08:20:03+08:00\",\"parentId\":\"0\",\"path\":\"plugin\",\"name\":\"plugin\",\"hidden\":false,\"component\":\"view/routerHolder.vue\",\"sort\":6,\"meta\":{\"activeName\":\"\",\"keepAlive\":false,\"defaultMenu\":false,\"title\":\"插件系统\",\"icon\":\"cherry\",\"closeTab\":false},\"authoritys\":null,\"children\":[{\"ID\":26,\"createdAt\":\"2023-05-29T08:20:03+08:00\",\"updatedAt\":\"2023-05-29T08:20:03+08:00\",\"parentId\":\"25\",\"path\":\"https://plugin.gin-vue-admin.com/\",\"name\":\"https://plugin.gin-vue-admin.com/\",\"hidden\":false,\"component\":\"https://plugin.gin-vue-admin.com/\",\"sort\":0,\"meta\":{\"activeName\":\"\",\"keepAlive\":false,\"defaultMenu\":false,\"title\":\"插件市场\",\"icon\":\"shop\",\"closeTab\":false},\"authoritys\":null,\"children\":null,\"parameters\":[],\"menuBtn\":[]},{\"ID\":27,\"createdAt\":\"2023-05-29T08:20:03+08:00\",\"updatedAt\":\"2023-05-29T08:20:03+08:00\",\"parentId\":\"25\",\"path\":\"installPlugin\",\"name\":\"installPlugin\",\"hidden\":false,\"component\":\"view/systemTools/installPlugin/index.vue\",\"sort\":1,\"meta\":{\"activeName\":\"\",\"keepAlive\":false,\"defaultMenu\":false,\"title\":\"插件安装\",\"icon\":\"box\",\"closeTab\":false},\"authoritys\":null,\"children\":null,\"parameters\":[],\"menuBtn\":[]},{\"ID\":28,\"createdAt\":\"2023-05-29T08:20:03+08:00\",\"updatedAt\":\"2023-05-29T08:20:03+08:00\",\"parentId\":\"25\",\"path\":\"autoPlug\",\"name\":\"autoPlug\",\"hidden\":false,\"component\":\"view/systemTools/autoPlug/autoPlug.vue\",\"sort\":2,\"meta\":{\"activeName\":\"\",\"keepAlive\":false,\"defaultMenu\":false,\"title\":\"插件模板\",\"icon\":\"folder\",\"closeTab\":false},\"authoritys\":null,\"children\":null,\"parameters\":[],\"menuBtn\":[]},{\"ID\":29,\"createdAt\":\"2023-05-29T08:20:03+08:00\",\"updatedAt\":\"2023-05-29T08:20:03+08:00\",\"parentId\":\"25\",\"path\":\"plugin-email\",\"name\":\"plugin-email\",\"hidden\":false,\"component\":\"plugin/email/view/index.vue\",\"sort\":3,\"meta\":{\"activeName\":\"\",\"keepAlive\":false,\"defaultMenu\":false,\"title\":\"邮件插件\",\"icon\":\"message\",\"closeTab\":false},\"authoritys\":null,\"children\":null,\"parameters\":[],\"menuBtn\":[]}],\"parameters\":[],\"menuBtn\":[]},{\"ID\":26,\"createdAt\":\"2023-05-29T08:20:03+08:00\",\"updatedAt\":\"2023-05-29T08:20:03+08:00\",\"parentId\":\"25\",\"path\":\"https://plugin.gin-vue-admin.com/\",\"name\":\"https://plugin.gin-vue-admin.com/\",\"hidden\":false,\"component\":\"https://plugin.gin-vue-admin.com/\",\"sort\":0,\"meta\":{\"activeName\":\"\",\"keepAlive\":false,\"defaultMenu\":false,\"title\":\"插件市场\",\"icon\":\"shop\",\"closeTab\":false},\"authoritys\":null,\"children\":null,\"parameters\":[],\"menuBtn\":[]},{\"ID\":27,\"createdAt\":\"2023-05-29T08:20:03+08:00\",\"updatedAt\":\"2023-05-29T08:20:03+08:00\",\"parentId\":\"25\",\"path\":\"installPlugin\",\"name\":\"installPlugin\",\"hidden\":false,\"component\":\"view/systemTools/installPlugin/index.vue\",\"sort\":1,\"meta\":{\"activeName\":\"\",\"keepAlive\":false,\"defaultMenu\":false,\"title\":\"插件安装\",\"icon\":\"box\",\"closeTab\":false},\"authoritys\":null,\"children\":null,\"parameters\":[],\"menuBtn\":[]},{\"ID\":28,\"createdAt\":\"2023-05-29T08:20:03+08:00\",\"updatedAt\":\"2023-05-29T08:20:03+08:00\",\"parentId\":\"25\",\"path\":\"autoPlug\",\"name\":\"autoPlug\",\"hidden\":false,\"component\":\"view/systemTools/autoPlug/autoPlug.vue\",\"sort\":2,\"meta\":{\"activeName\":\"\",\"keepAlive\":false,\"defaultMenu\":false,\"title\":\"插件模板\",\"icon\":\"folder\",\"closeTab\":false},\"authoritys\":null,\"children\":null,\"parameters\":[],\"menuBtn\":[]},{\"ID\":29,\"createdAt\":\"2023-05-29T08:20:03+08:00\",\"updatedAt\":\"2023-05-29T08:20:03+08:00\",\"parentId\":\"25\",\"path\":\"plugin-email\",\"name\":\"plugin-email\",\"hidden\":false,\"component\":\"plugin/email/view/index.vue\",\"sort\":3,\"meta\":{\"activeName\":\"\",\"keepAlive\":false,\"defaultMenu\":false,\"title\":\"邮件插件\",\"icon\":\"message\",\"closeTab\":false},\"authoritys\":null,\"children\":null,\"parameters\":[],\"menuBtn\":[]},{\"ID\":12,\"createdAt\":\"2023-05-29T08:20:03+08:00\",\"updatedAt\":\"2023-05-29T08:20:03+08:00\",\"parentId\":\"0\",\"path\":\"example\",\"name\":\"example\",\"hidden\":false,\"component\":\"view/example/index.vue\",\"sort\":7,\"meta\":{\"activeName\":\"\",\"keepAlive\":false,\"defaultMenu\":false,\"title\":\"示例文件\",\"icon\":\"management\",\"closeTab\":false},\"authoritys\":null,\"children\":[{\"ID\":13,\"createdAt\":\"2023-05-29T08:20:03+08:00\",\"updatedAt\":\"2023-05-29T08:20:03+08:00\",\"parentId\":\"12\",\"path\":\"upload\",\"name\":\"upload\",\"hidden\":false,\"component\":\"view/example/upload/upload.vue\",\"sort\":5,\"meta\":{\"activeName\":\"\",\"keepAlive\":false,\"defaultMenu\":false,\"title\":\"媒体库（上传下载）\",\"icon\":\"upload\",\"closeTab\":false},\"authoritys\":null,\"children\":null,\"parameters\":[],\"menuBtn\":[]},{\"ID\":14,\"createdAt\":\"2023-05-29T08:20:03+08:00\",\"updatedAt\":\"2023-05-29T08:20:03+08:00\",\"parentId\":\"12\",\"path\":\"breakpoint\",\"name\":\"breakpoint\",\"hidden\":false,\"component\":\"view/example/breakpoint/breakpoint.vue\",\"sort\":6,\"meta\":{\"activeName\":\"\",\"keepAlive\":false,\"defaultMenu\":false,\"title\":\"断点续传\",\"icon\":\"upload-filled\",\"closeTab\":false},\"authoritys\":null,\"children\":null,\"parameters\":[],\"menuBtn\":[]},{\"ID\":15,\"createdAt\":\"2023-05-29T08:20:03+08:00\",\"updatedAt\":\"2023-05-29T08:20:03+08:00\",\"parentId\":\"12\",\"path\":\"customer\",\"name\":\"customer\",\"hidden\":false,\"component\":\"view/example/customer/customer.vue\",\"sort\":7,\"meta\":{\"activeName\":\"\",\"keepAlive\":false,\"defaultMenu\":false,\"title\":\"客户列表（资源示例）\",\"icon\":\"avatar\",\"closeTab\":false},\"authoritys\":null,\"children\":null,\"parameters\":[],\"menuBtn\":[]}],\"parameters\":[],\"menuBtn\":[]},{\"ID\":13,\"createdAt\":\"2023-05-29T08:20:03+08:00\",\"updatedAt\":\"2023-05-29T08:20:03+08:00\",\"parentId\":\"12\",\"path\":\"upload\",\"name\":\"upload\",\"hidden\":false,\"component\":\"view/example/upload/upload.vue\",\"sort\":5,\"meta\":{\"activeName\":\"\",\"keepAlive\":false,\"defaultMenu\":false,\"title\":\"媒体库（上传下载）\",\"icon\":\"upload\",\"closeTab\":false},\"authoritys\":null,\"children\":null,\"parameters\":[],\"menuBtn\":[]},{\"ID\":14,\"createdAt\":\"2023-05-29T08:20:03+08:00\",\"updatedAt\":\"2023-05-29T08:20:03+08:00\",\"parentId\":\"12\",\"path\":\"breakpoint\",\"name\":\"breakpoint\",\"hidden\":false,\"component\":\"view/example/breakpoint/breakpoint.vue\",\"sort\":6,\"meta\":{\"activeName\":\"\",\"keepAlive\":false,\"defaultMenu\":false,\"title\":\"断点续传\",\"icon\":\"upload-filled\",\"closeTab\":false},\"authoritys\":null,\"children\":null,\"parameters\":[],\"menuBtn\":[]},{\"ID\":15,\"createdAt\":\"2023-05-29T08:20:03+08:00\",\"updatedAt\":\"2023-05-29T08:20:03+08:00\",\"parentId\":\"12\",\"path\":\"customer\",\"name\":\"customer\",\"hidden\":false,\"component\":\"view/example/customer/customer.vue\",\"sort\":7,\"meta\":{\"activeName\":\"\",\"keepAlive\":false,\"defaultMenu\":false,\"title\":\"客户列表（资源示例）\",\"icon\":\"avatar\",\"closeTab\":false},\"authoritys\":null,\"children\":null,\"parameters\":[],\"menuBtn\":[]},{\"ID\":24,\"createdAt\":\"2023-05-29T08:20:03+08:00\",\"updatedAt\":\"2023-05-29T08:20:03+08:00\",\"parentId\":\"0\",\"path\":\"state\",\"name\":\"state\",\"hidden\":false,\"component\":\"view/system/state.vue\",\"sort\":8,\"meta\":{\"activeName\":\"\",\"keepAlive\":false,\"defaultMenu\":false,\"title\":\"服务器状态\",\"icon\":\"cloudy\",\"closeTab\":false},\"authoritys\":null,\"children\":null,\"parameters\":[],\"menuBtn\":[]},{\"ID\":2,\"createdAt\":\"2023-05-29T08:20:03+08:00\",\"updatedAt\":\"2023-05-29T08:20:03+08:00\",\"parentId\":\"0\",\"path\":\"about\",\"name\":\"about\",\"hidden\":false,\"component\":\"view/about/index.vue\",\"sort\":9,\"meta\":{\"activeName\":\"\",\"keepAlive\":false,\"defaultMenu\":false,\"title\":\"关于我们\",\"icon\":\"info-filled\",\"closeTab\":false},\"authoritys\":null,\"children\":null,\"parameters\":[],\"menuBtn\":[]}],\"authorityId\":888}', '{\"code\":0,\"data\":{},\"msg\":\"添加成功\"}', 1);
INSERT INTO `sys_operation_records` VALUES (15, '2023-05-29 08:35:07', '2023-05-29 08:35:07', NULL, '127.0.0.1', 'POST', '/menu/updateBaseMenu', 200, 2647900, 'Mozilla/5.0 (Windows NT 10.0; Win64; x64) AppleWebKit/537.36 (KHTML, like Gecko) Chrome/115.0.0.0 Safari/537.36', '', '{\"ID\":31,\"createdAt\":\"2023-05-29T08:23:42+08:00\",\"updatedAt\":\"2023-05-29T08:23:42+08:00\",\"parentId\":\"0\",\"path\":\"bbs\",\"name\":\"bbs\",\"hidden\":false,\"component\":\"view/bbs/index.vue\",\"sort\":2,\"meta\":{\"activeName\":\"\",\"keepAlive\":false,\"defaultMenu\":false,\"title\":\"帖子管理\",\"icon\":\"aim\",\"closeTab\":false},\"authoritys\":null,\"children\":null,\"parameters\":[],\"menuBtn\":[]}', '{\"code\":0,\"data\":{},\"msg\":\"更新成功\"}', 1);
INSERT INTO `sys_operation_records` VALUES (16, '2023-05-29 08:36:56', '2023-05-29 08:36:56', NULL, '127.0.0.1', 'POST', '/menu/updateBaseMenu', 200, 3731700, 'Mozilla/5.0 (Windows NT 10.0; Win64; x64) AppleWebKit/537.36 (KHTML, like Gecko) Chrome/115.0.0.0 Safari/537.36', '', '{\"ID\":32,\"createdAt\":\"2023-05-29T08:29:58+08:00\",\"updatedAt\":\"2023-05-29T08:29:58+08:00\",\"parentId\":\"31\",\"path\":\"list\",\"name\":\"list\",\"hidden\":false,\"component\":\"view/bbs/list.vue\",\"sort\":1,\"meta\":{\"activeName\":\"\",\"keepAlive\":false,\"defaultMenu\":false,\"title\":\"帖子列表\",\"icon\":\"aim\",\"closeTab\":false},\"authoritys\":null,\"children\":null,\"parameters\":[],\"menuBtn\":[]}', '{\"code\":0,\"data\":{},\"msg\":\"更新成功\"}', 1);
INSERT INTO `sys_operation_records` VALUES (17, '2023-05-29 08:43:51', '2023-05-29 08:43:51', NULL, '127.0.0.1', 'GET', '/chatGpt/getSK', 200, 6235400, 'Mozilla/5.0 (Windows NT 10.0; Win64; x64) AppleWebKit/537.36 (KHTML, like Gecko) Chrome/115.0.0.0 Safari/537.36', '', '{}', '{\"code\":0,\"data\":{\"ok\":false},\"msg\":\"无sk或获取失败\"}', 1);
INSERT INTO `sys_operation_records` VALUES (18, '2023-05-29 08:46:18', '2023-05-29 08:46:18', NULL, '127.0.0.1', 'POST', '/menu/updateBaseMenu', 200, 4801400, 'Mozilla/5.0 (Windows NT 10.0; Win64; x64) AppleWebKit/537.36 (KHTML, like Gecko) Chrome/115.0.0.0 Safari/537.36', '', '{\"ID\":33,\"createdAt\":\"2023-05-29T08:30:56+08:00\",\"updatedAt\":\"2023-05-29T08:30:56+08:00\",\"parentId\":\"31\",\"path\":\"category\",\"name\":\"category\",\"hidden\":false,\"component\":\"view/bbs/category/category.vue\",\"sort\":0,\"meta\":{\"activeName\":\"\",\"keepAlive\":false,\"defaultMenu\":false,\"title\":\"帖子分类\",\"icon\":\"calendar\",\"closeTab\":false},\"authoritys\":null,\"children\":null,\"parameters\":[],\"menuBtn\":[]}', '{\"code\":0,\"data\":{},\"msg\":\"更新成功\"}', 1);
INSERT INTO `sys_operation_records` VALUES (19, '2023-05-29 08:46:29', '2023-05-29 08:46:29', NULL, '127.0.0.1', 'POST', '/menu/updateBaseMenu', 200, 4046000, 'Mozilla/5.0 (Windows NT 10.0; Win64; x64) AppleWebKit/537.36 (KHTML, like Gecko) Chrome/115.0.0.0 Safari/537.36', '', '{\"ID\":32,\"createdAt\":\"2023-05-29T08:29:58+08:00\",\"updatedAt\":\"2023-05-29T08:36:56+08:00\",\"parentId\":\"31\",\"path\":\"list\",\"name\":\"list\",\"hidden\":false,\"component\":\"view/bbs/list/list.vue\",\"sort\":1,\"meta\":{\"activeName\":\"\",\"keepAlive\":false,\"defaultMenu\":false,\"title\":\"帖子列表\",\"icon\":\"aim\",\"closeTab\":false},\"authoritys\":null,\"children\":null,\"parameters\":[],\"menuBtn\":[]}', '{\"code\":0,\"data\":{},\"msg\":\"更新成功\"}', 1);
INSERT INTO `sys_operation_records` VALUES (20, '2023-05-29 08:47:48', '2023-05-29 08:47:48', NULL, '127.0.0.1', 'POST', '/menu/updateBaseMenu', 200, 4208800, 'Mozilla/5.0 (Windows NT 10.0; Win64; x64) AppleWebKit/537.36 (KHTML, like Gecko) Chrome/115.0.0.0 Safari/537.36', '', '{\"ID\":31,\"createdAt\":\"2023-05-29T08:23:42+08:00\",\"updatedAt\":\"2023-05-29T08:35:07+08:00\",\"parentId\":\"0\",\"path\":\"bbs\",\"name\":\"bbs\",\"hidden\":false,\"component\":\"view/bbs/index.vue\",\"sort\":2,\"meta\":{\"activeName\":\"\",\"keepAlive\":true,\"defaultMenu\":false,\"title\":\"帖子管理\",\"icon\":\"aim\",\"closeTab\":false},\"authoritys\":null,\"children\":null,\"parameters\":[],\"menuBtn\":[]}', '{\"code\":0,\"data\":{},\"msg\":\"更新成功\"}', 1);
INSERT INTO `sys_operation_records` VALUES (21, '2023-05-29 08:47:55', '2023-05-29 08:47:55', NULL, '127.0.0.1', 'POST', '/menu/updateBaseMenu', 200, 4797500, 'Mozilla/5.0 (Windows NT 10.0; Win64; x64) AppleWebKit/537.36 (KHTML, like Gecko) Chrome/115.0.0.0 Safari/537.36', '', '{\"ID\":33,\"createdAt\":\"2023-05-29T08:30:56+08:00\",\"updatedAt\":\"2023-05-29T08:46:18+08:00\",\"parentId\":\"31\",\"path\":\"category\",\"name\":\"category\",\"hidden\":false,\"component\":\"view/bbs/category/category.vue\",\"sort\":0,\"meta\":{\"activeName\":\"\",\"keepAlive\":true,\"defaultMenu\":false,\"title\":\"帖子分类\",\"icon\":\"calendar\",\"closeTab\":false},\"authoritys\":null,\"children\":null,\"parameters\":[],\"menuBtn\":[]}', '{\"code\":0,\"data\":{},\"msg\":\"更新成功\"}', 1);
INSERT INTO `sys_operation_records` VALUES (22, '2023-05-29 08:48:02', '2023-05-29 08:48:02', NULL, '127.0.0.1', 'POST', '/menu/updateBaseMenu', 200, 4777900, 'Mozilla/5.0 (Windows NT 10.0; Win64; x64) AppleWebKit/537.36 (KHTML, like Gecko) Chrome/115.0.0.0 Safari/537.36', '', '{\"ID\":32,\"createdAt\":\"2023-05-29T08:29:58+08:00\",\"updatedAt\":\"2023-05-29T08:46:29+08:00\",\"parentId\":\"31\",\"path\":\"list\",\"name\":\"list\",\"hidden\":false,\"component\":\"view/bbs/list/list.vue\",\"sort\":1,\"meta\":{\"activeName\":\"\",\"keepAlive\":true,\"defaultMenu\":false,\"title\":\"帖子列表\",\"icon\":\"aim\",\"closeTab\":false},\"authoritys\":null,\"children\":null,\"parameters\":[],\"menuBtn\":[]}', '{\"code\":0,\"data\":{},\"msg\":\"更新成功\"}', 1);
INSERT INTO `sys_operation_records` VALUES (23, '2023-05-29 08:50:33', '2023-05-29 08:50:33', NULL, '127.0.0.1', 'POST', '/menu/updateBaseMenu', 200, 4693400, 'Mozilla/5.0 (Windows NT 10.0; Win64; x64) AppleWebKit/537.36 (KHTML, like Gecko) Chrome/115.0.0.0 Safari/537.36', '', '{\"ID\":31,\"createdAt\":\"2023-05-29T08:23:42+08:00\",\"updatedAt\":\"2023-05-29T08:47:48+08:00\",\"parentId\":\"0\",\"path\":\"bbs\",\"name\":\"bbs\",\"hidden\":false,\"component\":\"view/bbs/index.vue\",\"sort\":2,\"meta\":{\"activeName\":\"\",\"keepAlive\":false,\"defaultMenu\":false,\"title\":\"帖子管理\",\"icon\":\"aim\",\"closeTab\":false},\"authoritys\":null,\"children\":null,\"parameters\":[],\"menuBtn\":[]}', '{\"code\":0,\"data\":{},\"msg\":\"更新成功\"}', 1);
INSERT INTO `sys_operation_records` VALUES (24, '2023-05-29 08:50:41', '2023-05-29 08:50:41', NULL, '127.0.0.1', 'POST', '/menu/updateBaseMenu', 200, 4338400, 'Mozilla/5.0 (Windows NT 10.0; Win64; x64) AppleWebKit/537.36 (KHTML, like Gecko) Chrome/115.0.0.0 Safari/537.36', '', '{\"ID\":33,\"createdAt\":\"2023-05-29T08:30:56+08:00\",\"updatedAt\":\"2023-05-29T08:47:55+08:00\",\"parentId\":\"31\",\"path\":\"category\",\"name\":\"category\",\"hidden\":false,\"component\":\"view/bbs/category/category.vue\",\"sort\":0,\"meta\":{\"activeName\":\"\",\"keepAlive\":false,\"defaultMenu\":false,\"title\":\"帖子分类\",\"icon\":\"calendar\",\"closeTab\":false},\"authoritys\":null,\"children\":null,\"parameters\":[],\"menuBtn\":[]}', '{\"code\":0,\"data\":{},\"msg\":\"更新成功\"}', 1);
INSERT INTO `sys_operation_records` VALUES (25, '2023-05-29 08:50:48', '2023-05-29 08:50:48', NULL, '127.0.0.1', 'POST', '/menu/updateBaseMenu', 200, 4920500, 'Mozilla/5.0 (Windows NT 10.0; Win64; x64) AppleWebKit/537.36 (KHTML, like Gecko) Chrome/115.0.0.0 Safari/537.36', '', '{\"ID\":32,\"createdAt\":\"2023-05-29T08:29:58+08:00\",\"updatedAt\":\"2023-05-29T08:48:02+08:00\",\"parentId\":\"31\",\"path\":\"list\",\"name\":\"list\",\"hidden\":false,\"component\":\"view/bbs/list/list.vue\",\"sort\":1,\"meta\":{\"activeName\":\"\",\"keepAlive\":false,\"defaultMenu\":false,\"title\":\"帖子列表\",\"icon\":\"aim\",\"closeTab\":false},\"authoritys\":null,\"children\":null,\"parameters\":[],\"menuBtn\":[]}', '{\"code\":0,\"data\":{},\"msg\":\"更新成功\"}', 1);
INSERT INTO `sys_operation_records` VALUES (26, '2023-05-30 20:09:28', '2023-05-30 20:09:28', NULL, '127.0.0.1', 'POST', '/menu/addBaseMenu', 200, 11826200, 'Mozilla/5.0 (Windows NT 10.0; Win64; x64) AppleWebKit/537.36 (KHTML, like Gecko) Chrome/115.0.0.0 Safari/537.36', '', '{\"ID\":0,\"path\":\"/video\",\"name\":\"/video\",\"hidden\":false,\"parentId\":\"0\",\"component\":\"view/routerHolder.vue\",\"meta\":{\"activeName\":\"\",\"title\":\"视频管理\",\"icon\":\"video-camera-filled\",\"defaultMenu\":false,\"closeTab\":false,\"keepAlive\":false},\"parameters\":[],\"menuBtn\":[],\"sort\":3}', '{\"code\":0,\"data\":{},\"msg\":\"添加成功\"}', 1);
INSERT INTO `sys_operation_records` VALUES (27, '2023-05-30 20:22:00', '2023-05-30 20:22:00', NULL, '127.0.0.1', 'POST', '/menu/addBaseMenu', 200, 5643300, 'Mozilla/5.0 (Windows NT 10.0; Win64; x64) AppleWebKit/537.36 (KHTML, like Gecko) Chrome/115.0.0.0 Safari/537.36', '', '{\"ID\":0,\"path\":\"list\",\"name\":\"list\",\"hidden\":false,\"parentId\":\"34\",\"component\":\"view/video/list.vue\",\"meta\":{\"activeName\":\"\",\"title\":\"视频列表\",\"icon\":\"aim\",\"defaultMenu\":false,\"closeTab\":false,\"keepAlive\":false},\"parameters\":[],\"menuBtn\":[],\"sort\":1}', '{\"code\":7,\"data\":{},\"msg\":\"添加失败\"}', 1);
INSERT INTO `sys_operation_records` VALUES (28, '2023-05-30 20:22:25', '2023-05-30 20:22:25', NULL, '127.0.0.1', 'POST', '/menu/addBaseMenu', 200, 1220700, 'Mozilla/5.0 (Windows NT 10.0; Win64; x64) AppleWebKit/537.36 (KHTML, like Gecko) Chrome/115.0.0.0 Safari/537.36', '', '{\"ID\":0,\"path\":\"list\",\"name\":\"list\",\"hidden\":false,\"parentId\":\"34\",\"component\":\"view/video/list.vue\",\"meta\":{\"activeName\":\"\",\"title\":\"视频列表\",\"icon\":\"aim\",\"defaultMenu\":false,\"closeTab\":false,\"keepAlive\":false},\"parameters\":[],\"menuBtn\":[],\"sort\":1}', '{\"code\":7,\"data\":{},\"msg\":\"添加失败\"}', 1);
INSERT INTO `sys_operation_records` VALUES (29, '2023-05-30 20:23:11', '2023-05-30 20:23:11', NULL, '127.0.0.1', 'POST', '/menu/addBaseMenu', 200, 4673600, 'Mozilla/5.0 (Windows NT 10.0; Win64; x64) AppleWebKit/537.36 (KHTML, like Gecko) Chrome/115.0.0.0 Safari/537.36', '', '{\"ID\":0,\"path\":\"mange\",\"name\":\"mange\",\"hidden\":false,\"parentId\":\"34\",\"component\":\"view/video/mange.vue\",\"meta\":{\"activeName\":\"\",\"title\":\"视频列表\",\"icon\":\"aim\",\"defaultMenu\":false,\"closeTab\":false,\"keepAlive\":false},\"parameters\":[],\"menuBtn\":[],\"sort\":1}', '{\"code\":0,\"data\":{},\"msg\":\"添加成功\"}', 1);
INSERT INTO `sys_operation_records` VALUES (30, '2023-05-30 20:23:31', '2023-05-30 20:23:31', NULL, '127.0.0.1', 'POST', '/menu/addBaseMenu', 200, 4976300, 'Mozilla/5.0 (Windows NT 10.0; Win64; x64) AppleWebKit/537.36 (KHTML, like Gecko) Chrome/115.0.0.0 Safari/537.36', '', '{\"ID\":0,\"path\":\"category\",\"name\":\"category\",\"hidden\":false,\"parentId\":\"34\",\"component\":\"view/video/category.vue\",\"meta\":{\"title\":\"视频分类\",\"icon\":\"aim\",\"defaultMenu\":false,\"closeTab\":false,\"keepAlive\":false},\"sort\":2}', '{\"code\":7,\"data\":{},\"msg\":\"添加失败\"}', 1);
INSERT INTO `sys_operation_records` VALUES (31, '2023-05-30 20:23:52', '2023-05-30 20:23:52', NULL, '127.0.0.1', 'POST', '/menu/addBaseMenu', 200, 2491900, 'Mozilla/5.0 (Windows NT 10.0; Win64; x64) AppleWebKit/537.36 (KHTML, like Gecko) Chrome/115.0.0.0 Safari/537.36', '', '{\"ID\":0,\"path\":\"videocategory\",\"name\":\"videocategory\",\"hidden\":false,\"parentId\":\"34\",\"component\":\"view/video/category.vue\",\"meta\":{\"title\":\"视频分类\",\"icon\":\"aim\",\"defaultMenu\":false,\"closeTab\":false,\"keepAlive\":false},\"sort\":2}', '{\"code\":0,\"data\":{},\"msg\":\"添加成功\"}', 1);
INSERT INTO `sys_operation_records` VALUES (32, '2023-05-30 20:24:20', '2023-05-30 20:24:20', NULL, '127.0.0.1', 'POST', '/menu/addBaseMenu', 200, 2322600, 'Mozilla/5.0 (Windows NT 10.0; Win64; x64) AppleWebKit/537.36 (KHTML, like Gecko) Chrome/115.0.0.0 Safari/537.36', '', '{\"ID\":0,\"path\":\"videocomment\",\"name\":\"videocomment\",\"hidden\":false,\"parentId\":\"34\",\"component\":\"view/video/videocomment.vue\",\"meta\":{\"title\":\"视频评论\",\"icon\":\"aim\",\"defaultMenu\":false,\"closeTab\":false,\"keepAlive\":false},\"sort\":3}', '{\"code\":0,\"data\":{},\"msg\":\"添加成功\"}', 1);
INSERT INTO `sys_operation_records` VALUES (33, '2023-05-30 20:24:38', '2023-05-30 20:24:38', NULL, '127.0.0.1', 'POST', '/menu/addMenuAuthority', 200, 10130300, 'Mozilla/5.0 (Windows NT 10.0; Win64; x64) AppleWebKit/537.36 (KHTML, like Gecko) Chrome/115.0.0.0 Safari/537.36', '', '{\"menus\":[{\"ID\":23,\"createdAt\":\"2023-05-29T08:20:03+08:00\",\"updatedAt\":\"2023-05-29T08:20:03+08:00\",\"parentId\":\"0\",\"path\":\"https://www.gin-vue-admin.com\",\"name\":\"https://www.gin-vue-admin.com\",\"hidden\":false,\"component\":\"/\",\"sort\":0,\"meta\":{\"activeName\":\"\",\"keepAlive\":false,\"defaultMenu\":false,\"title\":\"官方网站\",\"icon\":\"home-filled\",\"closeTab\":false},\"authoritys\":null,\"children\":null,\"parameters\":[],\"menuBtn\":[]},{\"ID\":1,\"createdAt\":\"2023-05-29T08:20:03+08:00\",\"updatedAt\":\"2023-05-29T08:20:03+08:00\",\"parentId\":\"0\",\"path\":\"dashboard\",\"name\":\"dashboard\",\"hidden\":false,\"component\":\"view/dashboard/index.vue\",\"sort\":1,\"meta\":{\"activeName\":\"\",\"keepAlive\":false,\"defaultMenu\":false,\"title\":\"仪表盘\",\"icon\":\"odometer\",\"closeTab\":false},\"authoritys\":null,\"children\":null,\"parameters\":[],\"menuBtn\":[]},{\"ID\":31,\"createdAt\":\"2023-05-29T08:23:42+08:00\",\"updatedAt\":\"2023-05-29T08:50:33+08:00\",\"parentId\":\"0\",\"path\":\"bbs\",\"name\":\"bbs\",\"hidden\":false,\"component\":\"view/bbs/index.vue\",\"sort\":2,\"meta\":{\"activeName\":\"\",\"keepAlive\":false,\"defaultMenu\":false,\"title\":\"帖子管理\",\"icon\":\"aim\",\"closeTab\":false},\"authoritys\":null,\"children\":[{\"ID\":33,\"createdAt\":\"2023-05-29T08:30:56+08:00\",\"updatedAt\":\"2023-05-29T08:50:41+08:00\",\"parentId\":\"31\",\"path\":\"category\",\"name\":\"category\",\"hidden\":false,\"component\":\"view/bbs/category/category.vue\",\"sort\":0,\"meta\":{\"activeName\":\"\",\"keepAlive\":false,\"defaultMenu\":false,\"title\":\"帖子分类\",\"icon\":\"calendar\",\"closeTab\":false},\"authoritys\":null,\"children\":null,\"parameters\":[],\"menuBtn\":[]},{\"ID\":32,\"createdAt\":\"2023-05-29T08:29:58+08:00\",\"updatedAt\":\"2023-05-29T08:50:48+08:00\",\"parentId\":\"31\",\"path\":\"list\",\"name\":\"list\",\"hidden\":false,\"component\":\"view/bbs/list/list.vue\",\"sort\":1,\"meta\":{\"activeName\":\"\",\"keepAlive\":false,\"defaultMenu\":false,\"title\":\"帖子列表\",\"icon\":\"aim\",\"closeTab\":false},\"authoritys\":null,\"children\":null,\"parameters\":[],\"menuBtn\":[]}],\"parameters\":[],\"menuBtn\":[]},{\"ID\":33,\"createdAt\":\"2023-05-29T08:30:56+08:00\",\"updatedAt\":\"2023-05-29T08:50:41+08:00\",\"parentId\":\"31\",\"path\":\"category\",\"name\":\"category\",\"hidden\":false,\"component\":\"view/bbs/category/category.vue\",\"sort\":0,\"meta\":{\"activeName\":\"\",\"keepAlive\":false,\"defaultMenu\":false,\"title\":\"帖子分类\",\"icon\":\"calendar\",\"closeTab\":false},\"authoritys\":null,\"children\":null,\"parameters\":[],\"menuBtn\":[]},{\"ID\":32,\"createdAt\":\"2023-05-29T08:29:58+08:00\",\"updatedAt\":\"2023-05-29T08:50:48+08:00\",\"parentId\":\"31\",\"path\":\"list\",\"name\":\"list\",\"hidden\":false,\"component\":\"view/bbs/list/list.vue\",\"sort\":1,\"meta\":{\"activeName\":\"\",\"keepAlive\":false,\"defaultMenu\":false,\"title\":\"帖子列表\",\"icon\":\"aim\",\"closeTab\":false},\"authoritys\":null,\"children\":null,\"parameters\":[],\"menuBtn\":[]},{\"ID\":34,\"createdAt\":\"2023-05-30T20:09:28+08:00\",\"updatedAt\":\"2023-05-30T20:09:28+08:00\",\"parentId\":\"0\",\"path\":\"/video\",\"name\":\"/video\",\"hidden\":false,\"component\":\"view/routerHolder.vue\",\"sort\":3,\"meta\":{\"activeName\":\"\",\"keepAlive\":false,\"defaultMenu\":false,\"title\":\"视频管理\",\"icon\":\"video-camera-filled\",\"closeTab\":false},\"authoritys\":null,\"children\":[{\"ID\":35,\"createdAt\":\"2023-05-30T20:23:11+08:00\",\"updatedAt\":\"2023-05-30T20:23:11+08:00\",\"parentId\":\"34\",\"path\":\"mange\",\"name\":\"mange\",\"hidden\":false,\"component\":\"view/video/mange.vue\",\"sort\":1,\"meta\":{\"activeName\":\"\",\"keepAlive\":false,\"defaultMenu\":false,\"title\":\"视频列表\",\"icon\":\"aim\",\"closeTab\":false},\"authoritys\":null,\"children\":null,\"parameters\":[],\"menuBtn\":[]},{\"ID\":36,\"createdAt\":\"2023-05-30T20:23:52+08:00\",\"updatedAt\":\"2023-05-30T20:23:52+08:00\",\"parentId\":\"34\",\"path\":\"videocategory\",\"name\":\"videocategory\",\"hidden\":false,\"component\":\"view/video/category.vue\",\"sort\":2,\"meta\":{\"activeName\":\"\",\"keepAlive\":false,\"defaultMenu\":false,\"title\":\"视频分类\",\"icon\":\"aim\",\"closeTab\":false},\"authoritys\":null,\"children\":null,\"parameters\":[],\"menuBtn\":[]},{\"ID\":37,\"createdAt\":\"2023-05-30T20:24:20+08:00\",\"updatedAt\":\"2023-05-30T20:24:20+08:00\",\"parentId\":\"34\",\"path\":\"videocomment\",\"name\":\"videocomment\",\"hidden\":false,\"component\":\"view/video/videocomment.vue\",\"sort\":3,\"meta\":{\"activeName\":\"\",\"keepAlive\":false,\"defaultMenu\":false,\"title\":\"视频评论\",\"icon\":\"aim\",\"closeTab\":false},\"authoritys\":null,\"children\":null,\"parameters\":[],\"menuBtn\":[]}],\"parameters\":[],\"menuBtn\":[]},{\"ID\":35,\"createdAt\":\"2023-05-30T20:23:11+08:00\",\"updatedAt\":\"2023-05-30T20:23:11+08:00\",\"parentId\":\"34\",\"path\":\"mange\",\"name\":\"mange\",\"hidden\":false,\"component\":\"view/video/mange.vue\",\"sort\":1,\"meta\":{\"activeName\":\"\",\"keepAlive\":false,\"defaultMenu\":false,\"title\":\"视频列表\",\"icon\":\"aim\",\"closeTab\":false},\"authoritys\":null,\"children\":null,\"parameters\":[],\"menuBtn\":[]},{\"ID\":36,\"createdAt\":\"2023-05-30T20:23:52+08:00\",\"updatedAt\":\"2023-05-30T20:23:52+08:00\",\"parentId\":\"34\",\"path\":\"videocategory\",\"name\":\"videocategory\",\"hidden\":false,\"component\":\"view/video/category.vue\",\"sort\":2,\"meta\":{\"activeName\":\"\",\"keepAlive\":false,\"defaultMenu\":false,\"title\":\"视频分类\",\"icon\":\"aim\",\"closeTab\":false},\"authoritys\":null,\"children\":null,\"parameters\":[],\"menuBtn\":[]},{\"ID\":37,\"createdAt\":\"2023-05-30T20:24:20+08:00\",\"updatedAt\":\"2023-05-30T20:24:20+08:00\",\"parentId\":\"34\",\"path\":\"videocomment\",\"name\":\"videocomment\",\"hidden\":false,\"component\":\"view/video/videocomment.vue\",\"sort\":3,\"meta\":{\"activeName\":\"\",\"keepAlive\":false,\"defaultMenu\":false,\"title\":\"视频评论\",\"icon\":\"aim\",\"closeTab\":false},\"authoritys\":null,\"children\":null,\"parameters\":[],\"menuBtn\":[]},{\"ID\":3,\"createdAt\":\"2023-05-29T08:20:03+08:00\",\"updatedAt\":\"2023-05-29T08:20:03+08:00\",\"parentId\":\"0\",\"path\":\"admin\",\"name\":\"superAdmin\",\"hidden\":false,\"component\":\"view/superAdmin/index.vue\",\"sort\":3,\"meta\":{\"activeName\":\"\",\"keepAlive\":false,\"defaultMenu\":false,\"title\":\"超级管理员\",\"icon\":\"user\",\"closeTab\":false},\"authoritys\":null,\"children\":[{\"ID\":4,\"createdAt\":\"2023-05-29T08:20:03+08:00\",\"updatedAt\":\"2023-05-29T08:20:03+08:00\",\"parentId\":\"3\",\"path\":\"authority\",\"name\":\"authority\",\"hidden\":false,\"component\":\"view/superAdmin/authority/authority.vue\",\"sort\":1,\"meta\":{\"activeName\":\"\",\"keepAlive\":false,\"defaultMenu\":false,\"title\":\"角色管理\",\"icon\":\"avatar\",\"closeTab\":false},\"authoritys\":null,\"children\":null,\"parameters\":[],\"menuBtn\":[]},{\"ID\":9,\"createdAt\":\"2023-05-29T08:20:03+08:00\",\"updatedAt\":\"2023-05-29T08:20:03+08:00\",\"parentId\":\"3\",\"path\":\"dictionaryDetail/:id\",\"name\":\"dictionaryDetail\",\"hidden\":true,\"component\":\"view/superAdmin/dictionary/sysDictionaryDetail.vue\",\"sort\":1,\"meta\":{\"activeName\":\"dictionary\",\"keepAlive\":false,\"defaultMenu\":false,\"title\":\"字典详情-${id}\",\"icon\":\"list\",\"closeTab\":false},\"authoritys\":null,\"children\":null,\"parameters\":[],\"menuBtn\":[]},{\"ID\":5,\"createdAt\":\"2023-05-29T08:20:03+08:00\",\"updatedAt\":\"2023-05-29T08:20:03+08:00\",\"parentId\":\"3\",\"path\":\"menu\",\"name\":\"menu\",\"hidden\":false,\"component\":\"view/superAdmin/menu/menu.vue\",\"sort\":2,\"meta\":{\"activeName\":\"\",\"keepAlive\":true,\"defaultMenu\":false,\"title\":\"菜单管理\",\"icon\":\"tickets\",\"closeTab\":false},\"authoritys\":null,\"children\":null,\"parameters\":[],\"menuBtn\":[]},{\"ID\":6,\"createdAt\":\"2023-05-29T08:20:03+08:00\",\"updatedAt\":\"2023-05-29T08:20:03+08:00\",\"parentId\":\"3\",\"path\":\"api\",\"name\":\"api\",\"hidden\":false,\"component\":\"view/superAdmin/api/api.vue\",\"sort\":3,\"meta\":{\"activeName\":\"\",\"keepAlive\":true,\"defaultMenu\":false,\"title\":\"api管理\",\"icon\":\"platform\",\"closeTab\":false},\"authoritys\":null,\"children\":null,\"parameters\":[],\"menuBtn\":[]},{\"ID\":7,\"createdAt\":\"2023-05-29T08:20:03+08:00\",\"updatedAt\":\"2023-05-29T08:20:03+08:00\",\"parentId\":\"3\",\"path\":\"user\",\"name\":\"user\",\"hidden\":false,\"component\":\"view/superAdmin/user/user.vue\",\"sort\":4,\"meta\":{\"activeName\":\"\",\"keepAlive\":false,\"defaultMenu\":false,\"title\":\"用户管理\",\"icon\":\"coordinate\",\"closeTab\":false},\"authoritys\":null,\"children\":null,\"parameters\":[],\"menuBtn\":[]},{\"ID\":8,\"createdAt\":\"2023-05-29T08:20:03+08:00\",\"updatedAt\":\"2023-05-29T08:20:03+08:00\",\"parentId\":\"3\",\"path\":\"dictionary\",\"name\":\"dictionary\",\"hidden\":false,\"component\":\"view/superAdmin/dictionary/sysDictionary.vue\",\"sort\":5,\"meta\":{\"activeName\":\"\",\"keepAlive\":false,\"defaultMenu\":false,\"title\":\"字典管理\",\"icon\":\"notebook\",\"closeTab\":false},\"authoritys\":null,\"children\":null,\"parameters\":[],\"menuBtn\":[]},{\"ID\":10,\"createdAt\":\"2023-05-29T08:20:03+08:00\",\"updatedAt\":\"2023-05-29T08:20:03+08:00\",\"parentId\":\"3\",\"path\":\"operation\",\"name\":\"operation\",\"hidden\":false,\"component\":\"view/superAdmin/operation/sysOperationRecord.vue\",\"sort\":6,\"meta\":{\"activeName\":\"\",\"keepAlive\":false,\"defaultMenu\":false,\"title\":\"操作历史\",\"icon\":\"pie-chart\",\"closeTab\":false},\"authoritys\":null,\"children\":null,\"parameters\":[],\"menuBtn\":[]}],\"parameters\":[],\"menuBtn\":[]},{\"ID\":4,\"createdAt\":\"2023-05-29T08:20:03+08:00\",\"updatedAt\":\"2023-05-29T08:20:03+08:00\",\"parentId\":\"3\",\"path\":\"authority\",\"name\":\"authority\",\"hidden\":false,\"component\":\"view/superAdmin/authority/authority.vue\",\"sort\":1,\"meta\":{\"activeName\":\"\",\"keepAlive\":false,\"defaultMenu\":false,\"title\":\"角色管理\",\"icon\":\"avatar\",\"closeTab\":false},\"authoritys\":null,\"children\":null,\"parameters\":[],\"menuBtn\":[]},{\"ID\":9,\"createdAt\":\"2023-05-29T08:20:03+08:00\",\"updatedAt\":\"2023-05-29T08:20:03+08:00\",\"parentId\":\"3\",\"path\":\"dictionaryDetail/:id\",\"name\":\"dictionaryDetail\",\"hidden\":true,\"component\":\"view/superAdmin/dictionary/sysDictionaryDetail.vue\",\"sort\":1,\"meta\":{\"activeName\":\"dictionary\",\"keepAlive\":false,\"defaultMenu\":false,\"title\":\"字典详情-${id}\",\"icon\":\"list\",\"closeTab\":false},\"authoritys\":null,\"children\":null,\"parameters\":[],\"menuBtn\":[]},{\"ID\":5,\"createdAt\":\"2023-05-29T08:20:03+08:00\",\"updatedAt\":\"2023-05-29T08:20:03+08:00\",\"parentId\":\"3\",\"path\":\"menu\",\"name\":\"menu\",\"hidden\":false,\"component\":\"view/superAdmin/menu/menu.vue\",\"sort\":2,\"meta\":{\"activeName\":\"\",\"keepAlive\":true,\"defaultMenu\":false,\"title\":\"菜单管理\",\"icon\":\"tickets\",\"closeTab\":false},\"authoritys\":null,\"children\":null,\"parameters\":[],\"menuBtn\":[]},{\"ID\":6,\"createdAt\":\"2023-05-29T08:20:03+08:00\",\"updatedAt\":\"2023-05-29T08:20:03+08:00\",\"parentId\":\"3\",\"path\":\"api\",\"name\":\"api\",\"hidden\":false,\"component\":\"view/superAdmin/api/api.vue\",\"sort\":3,\"meta\":{\"activeName\":\"\",\"keepAlive\":true,\"defaultMenu\":false,\"title\":\"api管理\",\"icon\":\"platform\",\"closeTab\":false},\"authoritys\":null,\"children\":null,\"parameters\":[],\"menuBtn\":[]},{\"ID\":7,\"createdAt\":\"2023-05-29T08:20:03+08:00\",\"updatedAt\":\"2023-05-29T08:20:03+08:00\",\"parentId\":\"3\",\"path\":\"user\",\"name\":\"user\",\"hidden\":false,\"component\":\"view/superAdmin/user/user.vue\",\"sort\":4,\"meta\":{\"activeName\":\"\",\"keepAlive\":false,\"defaultMenu\":false,\"title\":\"用户管理\",\"icon\":\"coordinate\",\"closeTab\":false},\"authoritys\":null,\"children\":null,\"parameters\":[],\"menuBtn\":[]},{\"ID\":8,\"createdAt\":\"2023-05-29T08:20:03+08:00\",\"updatedAt\":\"2023-05-29T08:20:03+08:00\",\"parentId\":\"3\",\"path\":\"dictionary\",\"name\":\"dictionary\",\"hidden\":false,\"component\":\"view/superAdmin/dictionary/sysDictionary.vue\",\"sort\":5,\"meta\":{\"activeName\":\"\",\"keepAlive\":false,\"defaultMenu\":false,\"title\":\"字典管理\",\"icon\":\"notebook\",\"closeTab\":false},\"authoritys\":null,\"children\":null,\"parameters\":[],\"menuBtn\":[]},{\"ID\":10,\"createdAt\":\"2023-05-29T08:20:03+08:00\",\"updatedAt\":\"2023-05-29T08:20:03+08:00\",\"parentId\":\"3\",\"path\":\"operation\",\"name\":\"operation\",\"hidden\":false,\"component\":\"view/superAdmin/operation/sysOperationRecord.vue\",\"sort\":6,\"meta\":{\"activeName\":\"\",\"keepAlive\":false,\"defaultMenu\":false,\"title\":\"操作历史\",\"icon\":\"pie-chart\",\"closeTab\":false},\"authoritys\":null,\"children\":null,\"parameters\":[],\"menuBtn\":[]},{\"ID\":11,\"createdAt\":\"2023-05-29T08:20:03+08:00\",\"updatedAt\":\"2023-05-29T08:20:03+08:00\",\"parentId\":\"0\",\"path\":\"person\",\"name\":\"person\",\"hidden\":true,\"component\":\"view/person/person.vue\",\"sort\":4,\"meta\":{\"activeName\":\"\",\"keepAlive\":false,\"defaultMenu\":false,\"title\":\"个人信息\",\"icon\":\"message\",\"closeTab\":false},\"authoritys\":null,\"children\":null,\"parameters\":[],\"menuBtn\":[]},{\"ID\":16,\"createdAt\":\"2023-05-29T08:20:03+08:00\",\"updatedAt\":\"2023-05-29T08:20:03+08:00\",\"parentId\":\"0\",\"path\":\"systemTools\",\"name\":\"systemTools\",\"hidden\":false,\"component\":\"view/systemTools/index.vue\",\"sort\":5,\"meta\":{\"activeName\":\"\",\"keepAlive\":false,\"defaultMenu\":false,\"title\":\"系统工具\",\"icon\":\"tools\",\"closeTab\":false},\"authoritys\":null,\"children\":[{\"ID\":22,\"createdAt\":\"2023-05-29T08:20:03+08:00\",\"updatedAt\":\"2023-05-29T08:20:03+08:00\",\"parentId\":\"16\",\"path\":\"autoPkg\",\"name\":\"autoPkg\",\"hidden\":false,\"component\":\"view/systemTools/autoPkg/autoPkg.vue\",\"sort\":0,\"meta\":{\"activeName\":\"\",\"keepAlive\":false,\"defaultMenu\":false,\"title\":\"自动化package\",\"icon\":\"folder\",\"closeTab\":false},\"authoritys\":null,\"children\":null,\"parameters\":[],\"menuBtn\":[]},{\"ID\":21,\"createdAt\":\"2023-05-29T08:20:03+08:00\",\"updatedAt\":\"2023-05-29T08:20:03+08:00\",\"parentId\":\"16\",\"path\":\"autoCodeEdit/:id\",\"name\":\"autoCodeEdit\",\"hidden\":true,\"component\":\"view/systemTools/autoCode/index.vue\",\"sort\":0,\"meta\":{\"activeName\":\"\",\"keepAlive\":false,\"defaultMenu\":false,\"title\":\"自动化代码-${id}\",\"icon\":\"magic-stick\",\"closeTab\":false},\"authoritys\":null,\"children\":null,\"parameters\":[],\"menuBtn\":[]},{\"ID\":17,\"createdAt\":\"2023-05-29T08:20:03+08:00\",\"updatedAt\":\"2023-05-29T08:20:03+08:00\",\"parentId\":\"16\",\"path\":\"autoCode\",\"name\":\"autoCode\",\"hidden\":false,\"component\":\"view/systemTools/autoCode/index.vue\",\"sort\":1,\"meta\":{\"activeName\":\"\",\"keepAlive\":true,\"defaultMenu\":false,\"title\":\"代码生成器\",\"icon\":\"cpu\",\"closeTab\":false},\"authoritys\":null,\"children\":null,\"parameters\":[],\"menuBtn\":[]},{\"ID\":20,\"createdAt\":\"2023-05-29T08:20:03+08:00\",\"updatedAt\":\"2023-05-29T08:20:03+08:00\",\"parentId\":\"16\",\"path\":\"autoCodeAdmin\",\"name\":\"autoCodeAdmin\",\"hidden\":false,\"component\":\"view/systemTools/autoCodeAdmin/index.vue\",\"sort\":1,\"meta\":{\"activeName\":\"\",\"keepAlive\":false,\"defaultMenu\":false,\"title\":\"自动化代码管理\",\"icon\":\"magic-stick\",\"closeTab\":false},\"authoritys\":null,\"children\":null,\"parameters\":[],\"menuBtn\":[]},{\"ID\":18,\"createdAt\":\"2023-05-29T08:20:03+08:00\",\"updatedAt\":\"2023-05-29T08:20:03+08:00\",\"parentId\":\"16\",\"path\":\"formCreate\",\"name\":\"formCreate\",\"hidden\":false,\"component\":\"view/systemTools/formCreate/index.vue\",\"sort\":2,\"meta\":{\"activeName\":\"\",\"keepAlive\":true,\"defaultMenu\":false,\"title\":\"表单生成器\",\"icon\":\"magic-stick\",\"closeTab\":false},\"authoritys\":null,\"children\":null,\"parameters\":[],\"menuBtn\":[]},{\"ID\":19,\"createdAt\":\"2023-05-29T08:20:03+08:00\",\"updatedAt\":\"2023-05-29T08:20:03+08:00\",\"parentId\":\"16\",\"path\":\"system\",\"name\":\"system\",\"hidden\":false,\"component\":\"view/systemTools/system/system.vue\",\"sort\":3,\"meta\":{\"activeName\":\"\",\"keepAlive\":false,\"defaultMenu\":false,\"title\":\"系统配置\",\"icon\":\"operation\",\"closeTab\":false},\"authoritys\":null,\"children\":null,\"parameters\":[],\"menuBtn\":[]},{\"ID\":30,\"createdAt\":\"2023-05-29T08:20:03+08:00\",\"updatedAt\":\"2023-05-29T08:20:03+08:00\",\"parentId\":\"16\",\"path\":\"chatTable\",\"name\":\"chatTable\",\"hidden\":false,\"component\":\"view/chatgpt/chatTable.vue\",\"sort\":6,\"meta\":{\"activeName\":\"\",\"keepAlive\":false,\"defaultMenu\":false,\"title\":\"万用表格\",\"icon\":\"chat-dot-square\",\"closeTab\":false},\"authoritys\":null,\"children\":null,\"parameters\":[],\"menuBtn\":[]}],\"parameters\":[],\"menuBtn\":[]},{\"ID\":22,\"createdAt\":\"2023-05-29T08:20:03+08:00\",\"updatedAt\":\"2023-05-29T08:20:03+08:00\",\"parentId\":\"16\",\"path\":\"autoPkg\",\"name\":\"autoPkg\",\"hidden\":false,\"component\":\"view/systemTools/autoPkg/autoPkg.vue\",\"sort\":0,\"meta\":{\"activeName\":\"\",\"keepAlive\":false,\"defaultMenu\":false,\"title\":\"自动化package\",\"icon\":\"folder\",\"closeTab\":false},\"authoritys\":null,\"children\":null,\"parameters\":[],\"menuBtn\":[]},{\"ID\":21,\"createdAt\":\"2023-05-29T08:20:03+08:00\",\"updatedAt\":\"2023-05-29T08:20:03+08:00\",\"parentId\":\"16\",\"path\":\"autoCodeEdit/:id\",\"name\":\"autoCodeEdit\",\"hidden\":true,\"component\":\"view/systemTools/autoCode/index.vue\",\"sort\":0,\"meta\":{\"activeName\":\"\",\"keepAlive\":false,\"defaultMenu\":false,\"title\":\"自动化代码-${id}\",\"icon\":\"magic-stick\",\"closeTab\":false},\"authoritys\":null,\"children\":null,\"parameters\":[],\"menuBtn\":[]},{\"ID\":17,\"createdAt\":\"2023-05-29T08:20:03+08:00\",\"updatedAt\":\"2023-05-29T08:20:03+08:00\",\"parentId\":\"16\",\"path\":\"autoCode\",\"name\":\"autoCode\",\"hidden\":false,\"component\":\"view/systemTools/autoCode/index.vue\",\"sort\":1,\"meta\":{\"activeName\":\"\",\"keepAlive\":true,\"defaultMenu\":false,\"title\":\"代码生成器\",\"icon\":\"cpu\",\"closeTab\":false},\"authoritys\":null,\"children\":null,\"parameters\":[],\"menuBtn\":[]},{\"ID\":20,\"createdAt\":\"2023-05-29T08:20:03+08:00\",\"updatedAt\":\"2023-05-29T08:20:03+08:00\",\"parentId\":\"16\",\"path\":\"autoCodeAdmin\",\"name\":\"autoCodeAdmin\",\"hidden\":false,\"component\":\"view/systemTools/autoCodeAdmin/index.vue\",\"sort\":1,\"meta\":{\"activeName\":\"\",\"keepAlive\":false,\"defaultMenu\":false,\"title\":\"自动化代码管理\",\"icon\":\"magic-stick\",\"closeTab\":false},\"authoritys\":null,\"children\":null,\"parameters\":[],\"menuBtn\":[]},{\"ID\":18,\"createdAt\":\"2023-05-29T08:20:03+08:00\",\"updatedAt\":\"2023-05-29T08:20:03+08:00\",\"parentId\":\"16\",\"path\":\"formCreate\",\"name\":\"formCreate\",\"hidden\":false,\"component\":\"view/systemTools/formCreate/index.vue\",\"sort\":2,\"meta\":{\"activeName\":\"\",\"keepAlive\":true,\"defaultMenu\":false,\"title\":\"表单生成器\",\"icon\":\"magic-stick\",\"closeTab\":false},\"authoritys\":null,\"children\":null,\"parameters\":[],\"menuBtn\":[]},{\"ID\":19,\"createdAt\":\"2023-05-29T08:20:03+08:00\",\"updatedAt\":\"2023-05-29T08:20:03+08:00\",\"parentId\":\"16\",\"path\":\"system\",\"name\":\"system\",\"hidden\":false,\"component\":\"view/systemTools/system/system.vue\",\"sort\":3,\"meta\":{\"activeName\":\"\",\"keepAlive\":false,\"defaultMenu\":false,\"title\":\"系统配置\",\"icon\":\"operation\",\"closeTab\":false},\"authoritys\":null,\"children\":null,\"parameters\":[],\"menuBtn\":[]},{\"ID\":30,\"createdAt\":\"2023-05-29T08:20:03+08:00\",\"updatedAt\":\"2023-05-29T08:20:03+08:00\",\"parentId\":\"16\",\"path\":\"chatTable\",\"name\":\"chatTable\",\"hidden\":false,\"component\":\"view/chatgpt/chatTable.vue\",\"sort\":6,\"meta\":{\"activeName\":\"\",\"keepAlive\":false,\"defaultMenu\":false,\"title\":\"万用表格\",\"icon\":\"chat-dot-square\",\"closeTab\":false},\"authoritys\":null,\"children\":null,\"parameters\":[],\"menuBtn\":[]},{\"ID\":25,\"createdAt\":\"2023-05-29T08:20:03+08:00\",\"updatedAt\":\"2023-05-29T08:20:03+08:00\",\"parentId\":\"0\",\"path\":\"plugin\",\"name\":\"plugin\",\"hidden\":false,\"component\":\"view/routerHolder.vue\",\"sort\":6,\"meta\":{\"activeName\":\"\",\"keepAlive\":false,\"defaultMenu\":false,\"title\":\"插件系统\",\"icon\":\"cherry\",\"closeTab\":false},\"authoritys\":null,\"children\":[{\"ID\":26,\"createdAt\":\"2023-05-29T08:20:03+08:00\",\"updatedAt\":\"2023-05-29T08:20:03+08:00\",\"parentId\":\"25\",\"path\":\"https://plugin.gin-vue-admin.com/\",\"name\":\"https://plugin.gin-vue-admin.com/\",\"hidden\":false,\"component\":\"https://plugin.gin-vue-admin.com/\",\"sort\":0,\"meta\":{\"activeName\":\"\",\"keepAlive\":false,\"defaultMenu\":false,\"title\":\"插件市场\",\"icon\":\"shop\",\"closeTab\":false},\"authoritys\":null,\"children\":null,\"parameters\":[],\"menuBtn\":[]},{\"ID\":27,\"createdAt\":\"2023-05-29T08:20:03+08:00\",\"updatedAt\":\"2023-05-29T08:20:03+08:00\",\"parentId\":\"25\",\"path\":\"installPlugin\",\"name\":\"installPlugin\",\"hidden\":false,\"component\":\"view/systemTools/installPlugin/index.vue\",\"sort\":1,\"meta\":{\"activeName\":\"\",\"keepAlive\":false,\"defaultMenu\":false,\"title\":\"插件安装\",\"icon\":\"box\",\"closeTab\":false},\"authoritys\":null,\"children\":null,\"parameters\":[],\"menuBtn\":[]},{\"ID\":28,\"createdAt\":\"2023-05-29T08:20:03+08:00\",\"updatedAt\":\"2023-05-29T08:20:03+08:00\",\"parentId\":\"25\",\"path\":\"autoPlug\",\"name\":\"autoPlug\",\"hidden\":false,\"component\":\"view/systemTools/autoPlug/autoPlug.vue\",\"sort\":2,\"meta\":{\"activeName\":\"\",\"keepAlive\":false,\"defaultMenu\":false,\"title\":\"插件模板\",\"icon\":\"folder\",\"closeTab\":false},\"authoritys\":null,\"children\":null,\"parameters\":[],\"menuBtn\":[]},{\"ID\":29,\"createdAt\":\"2023-05-29T08:20:03+08:00\",\"updatedAt\":\"2023-05-29T08:20:03+08:00\",\"parentId\":\"25\",\"path\":\"plugin-email\",\"name\":\"plugin-email\",\"hidden\":false,\"component\":\"plugin/email/view/index.vue\",\"sort\":3,\"meta\":{\"activeName\":\"\",\"keepAlive\":false,\"defaultMenu\":false,\"title\":\"邮件插件\",\"icon\":\"message\",\"closeTab\":false},\"authoritys\":null,\"children\":null,\"parameters\":[],\"menuBtn\":[]}],\"parameters\":[],\"menuBtn\":[]},{\"ID\":26,\"createdAt\":\"2023-05-29T08:20:03+08:00\",\"updatedAt\":\"2023-05-29T08:20:03+08:00\",\"parentId\":\"25\",\"path\":\"https://plugin.gin-vue-admin.com/\",\"name\":\"https://plugin.gin-vue-admin.com/\",\"hidden\":false,\"component\":\"https://plugin.gin-vue-admin.com/\",\"sort\":0,\"meta\":{\"activeName\":\"\",\"keepAlive\":false,\"defaultMenu\":false,\"title\":\"插件市场\",\"icon\":\"shop\",\"closeTab\":false},\"authoritys\":null,\"children\":null,\"parameters\":[],\"menuBtn\":[]},{\"ID\":27,\"createdAt\":\"2023-05-29T08:20:03+08:00\",\"updatedAt\":\"2023-05-29T08:20:03+08:00\",\"parentId\":\"25\",\"path\":\"installPlugin\",\"name\":\"installPlugin\",\"hidden\":false,\"component\":\"view/systemTools/installPlugin/index.vue\",\"sort\":1,\"meta\":{\"activeName\":\"\",\"keepAlive\":false,\"defaultMenu\":false,\"title\":\"插件安装\",\"icon\":\"box\",\"closeTab\":false},\"authoritys\":null,\"children\":null,\"parameters\":[],\"menuBtn\":[]},{\"ID\":28,\"createdAt\":\"2023-05-29T08:20:03+08:00\",\"updatedAt\":\"2023-05-29T08:20:03+08:00\",\"parentId\":\"25\",\"path\":\"autoPlug\",\"name\":\"autoPlug\",\"hidden\":false,\"component\":\"view/systemTools/autoPlug/autoPlug.vue\",\"sort\":2,\"meta\":{\"activeName\":\"\",\"keepAlive\":false,\"defaultMenu\":false,\"title\":\"插件模板\",\"icon\":\"folder\",\"closeTab\":false},\"authoritys\":null,\"children\":null,\"parameters\":[],\"menuBtn\":[]},{\"ID\":29,\"createdAt\":\"2023-05-29T08:20:03+08:00\",\"updatedAt\":\"2023-05-29T08:20:03+08:00\",\"parentId\":\"25\",\"path\":\"plugin-email\",\"name\":\"plugin-email\",\"hidden\":false,\"component\":\"plugin/email/view/index.vue\",\"sort\":3,\"meta\":{\"activeName\":\"\",\"keepAlive\":false,\"defaultMenu\":false,\"title\":\"邮件插件\",\"icon\":\"message\",\"closeTab\":false},\"authoritys\":null,\"children\":null,\"parameters\":[],\"menuBtn\":[]},{\"ID\":12,\"createdAt\":\"2023-05-29T08:20:03+08:00\",\"updatedAt\":\"2023-05-29T08:20:03+08:00\",\"parentId\":\"0\",\"path\":\"example\",\"name\":\"example\",\"hidden\":false,\"component\":\"view/example/index.vue\",\"sort\":7,\"meta\":{\"activeName\":\"\",\"keepAlive\":false,\"defaultMenu\":false,\"title\":\"示例文件\",\"icon\":\"management\",\"closeTab\":false},\"authoritys\":null,\"children\":[{\"ID\":13,\"createdAt\":\"2023-05-29T08:20:03+08:00\",\"updatedAt\":\"2023-05-29T08:20:03+08:00\",\"parentId\":\"12\",\"path\":\"upload\",\"name\":\"upload\",\"hidden\":false,\"component\":\"view/example/upload/upload.vue\",\"sort\":5,\"meta\":{\"activeName\":\"\",\"keepAlive\":false,\"defaultMenu\":false,\"title\":\"媒体库（上传下载）\",\"icon\":\"upload\",\"closeTab\":false},\"authoritys\":null,\"children\":null,\"parameters\":[],\"menuBtn\":[]},{\"ID\":14,\"createdAt\":\"2023-05-29T08:20:03+08:00\",\"updatedAt\":\"2023-05-29T08:20:03+08:00\",\"parentId\":\"12\",\"path\":\"breakpoint\",\"name\":\"breakpoint\",\"hidden\":false,\"component\":\"view/example/breakpoint/breakpoint.vue\",\"sort\":6,\"meta\":{\"activeName\":\"\",\"keepAlive\":false,\"defaultMenu\":false,\"title\":\"断点续传\",\"icon\":\"upload-filled\",\"closeTab\":false},\"authoritys\":null,\"children\":null,\"parameters\":[],\"menuBtn\":[]},{\"ID\":15,\"createdAt\":\"2023-05-29T08:20:03+08:00\",\"updatedAt\":\"2023-05-29T08:20:03+08:00\",\"parentId\":\"12\",\"path\":\"customer\",\"name\":\"customer\",\"hidden\":false,\"component\":\"view/example/customer/customer.vue\",\"sort\":7,\"meta\":{\"activeName\":\"\",\"keepAlive\":false,\"defaultMenu\":false,\"title\":\"客户列表（资源示例）\",\"icon\":\"avatar\",\"closeTab\":false},\"authoritys\":null,\"children\":null,\"parameters\":[],\"menuBtn\":[]}],\"parameters\":[],\"menuBtn\":[]},{\"ID\":13,\"createdAt\":\"2023-05-29T08:20:03+08:00\",\"updatedAt\":\"2023-05-29T08:20:03+08:00\",\"parentId\":\"12\",\"path\":\"upload\",\"name\":\"upload\",\"hidden\":false,\"component\":\"view/example/upload/upload.vue\",\"sort\":5,\"meta\":{\"activeName\":\"\",\"keepAlive\":false,\"defaultMenu\":false,\"title\":\"媒体库（上传下载）\",\"icon\":\"upload\",\"closeTab\":false},\"authoritys\":null,\"children\":null,\"parameters\":[],\"menuBtn\":[]},{\"ID\":14,\"createdAt\":\"2023-05-29T08:20:03+08:00\",\"updatedAt\":\"2023-05-29T08:20:03+08:00\",\"parentId\":\"12\",\"path\":\"breakpoint\",\"name\":\"breakpoint\",\"hidden\":false,\"component\":\"view/example/breakpoint/breakpoint.vue\",\"sort\":6,\"meta\":{\"activeName\":\"\",\"keepAlive\":false,\"defaultMenu\":false,\"title\":\"断点续传\",\"icon\":\"upload-filled\",\"closeTab\":false},\"authoritys\":null,\"children\":null,\"parameters\":[],\"menuBtn\":[]},{\"ID\":15,\"createdAt\":\"2023-05-29T08:20:03+08:00\",\"updatedAt\":\"2023-05-29T08:20:03+08:00\",\"parentId\":\"12\",\"path\":\"customer\",\"name\":\"customer\",\"hidden\":false,\"component\":\"view/example/customer/customer.vue\",\"sort\":7,\"meta\":{\"activeName\":\"\",\"keepAlive\":false,\"defaultMenu\":false,\"title\":\"客户列表（资源示例）\",\"icon\":\"avatar\",\"closeTab\":false},\"authoritys\":null,\"children\":null,\"parameters\":[],\"menuBtn\":[]},{\"ID\":24,\"createdAt\":\"2023-05-29T08:20:03+08:00\",\"updatedAt\":\"2023-05-29T08:20:03+08:00\",\"parentId\":\"0\",\"path\":\"state\",\"name\":\"state\",\"hidden\":false,\"component\":\"view/system/state.vue\",\"sort\":8,\"meta\":{\"activeName\":\"\",\"keepAlive\":false,\"defaultMenu\":false,\"title\":\"服务器状态\",\"icon\":\"cloudy\",\"closeTab\":false},\"authoritys\":null,\"children\":null,\"parameters\":[],\"menuBtn\":[]},{\"ID\":2,\"createdAt\":\"2023-05-29T08:20:03+08:00\",\"updatedAt\":\"2023-05-29T08:20:03+08:00\",\"parentId\":\"0\",\"path\":\"about\",\"name\":\"about\",\"hidden\":false,\"component\":\"view/about/index.vue\",\"sort\":9,\"meta\":{\"activeName\":\"\",\"keepAlive\":false,\"defaultMenu\":false,\"title\":\"关于我们\",\"icon\":\"info-filled\",\"closeTab\":false},\"authoritys\":null,\"children\":null,\"parameters\":[],\"menuBtn\":[]}],\"authorityId\":888}', '{\"code\":0,\"data\":{},\"msg\":\"添加成功\"}', 1);
INSERT INTO `sys_operation_records` VALUES (34, '2023-05-30 20:24:40', '2023-05-30 20:24:40', NULL, '127.0.0.1', 'POST', '/casbin/updateCasbin', 200, 11236800, 'Mozilla/5.0 (Windows NT 10.0; Win64; x64) AppleWebKit/537.36 (KHTML, like Gecko) Chrome/115.0.0.0 Safari/537.36', '', '{\"authorityId\":888,\"casbinInfos\":[{\"path\":\"/base/login\",\"method\":\"POST\"},{\"path\":\"/jwt/jsonInBlacklist\",\"method\":\"POST\"},{\"path\":\"/user/deleteUser\",\"method\":\"DELETE\"},{\"path\":\"/user/admin_register\",\"method\":\"POST\"},{\"path\":\"/user/getUserList\",\"method\":\"POST\"},{\"path\":\"/user/setUserInfo\",\"method\":\"PUT\"},{\"path\":\"/user/setSelfInfo\",\"method\":\"PUT\"},{\"path\":\"/user/getUserInfo\",\"method\":\"GET\"},{\"path\":\"/user/setUserAuthorities\",\"method\":\"POST\"},{\"path\":\"/user/changePassword\",\"method\":\"POST\"},{\"path\":\"/user/setUserAuthority\",\"method\":\"POST\"},{\"path\":\"/user/resetPassword\",\"method\":\"POST\"},{\"path\":\"/api/createApi\",\"method\":\"POST\"},{\"path\":\"/api/deleteApi\",\"method\":\"POST\"},{\"path\":\"/api/updateApi\",\"method\":\"POST\"},{\"path\":\"/api/getApiList\",\"method\":\"POST\"},{\"path\":\"/api/getAllApis\",\"method\":\"POST\"},{\"path\":\"/api/getApiById\",\"method\":\"POST\"},{\"path\":\"/api/deleteApisByIds\",\"method\":\"DELETE\"},{\"path\":\"/authority/copyAuthority\",\"method\":\"POST\"},{\"path\":\"/authority/createAuthority\",\"method\":\"POST\"},{\"path\":\"/authority/deleteAuthority\",\"method\":\"POST\"},{\"path\":\"/authority/updateAuthority\",\"method\":\"PUT\"},{\"path\":\"/authority/getAuthorityList\",\"method\":\"POST\"},{\"path\":\"/authority/setDataAuthority\",\"method\":\"POST\"},{\"path\":\"/casbin/updateCasbin\",\"method\":\"POST\"},{\"path\":\"/casbin/getPolicyPathByAuthorityId\",\"method\":\"POST\"},{\"path\":\"/menu/addBaseMenu\",\"method\":\"POST\"},{\"path\":\"/menu/getMenu\",\"method\":\"POST\"},{\"path\":\"/menu/deleteBaseMenu\",\"method\":\"POST\"},{\"path\":\"/menu/updateBaseMenu\",\"method\":\"POST\"},{\"path\":\"/menu/getBaseMenuById\",\"method\":\"POST\"},{\"path\":\"/menu/getMenuList\",\"method\":\"POST\"},{\"path\":\"/menu/getBaseMenuTree\",\"method\":\"POST\"},{\"path\":\"/menu/getMenuAuthority\",\"method\":\"POST\"},{\"path\":\"/menu/addMenuAuthority\",\"method\":\"POST\"},{\"path\":\"/fileUploadAndDownload/findFile\",\"method\":\"GET\"},{\"path\":\"/fileUploadAndDownload/breakpointContinue\",\"method\":\"POST\"},{\"path\":\"/fileUploadAndDownload/breakpointContinueFinish\",\"method\":\"POST\"},{\"path\":\"/fileUploadAndDownload/removeChunk\",\"method\":\"POST\"},{\"path\":\"/fileUploadAndDownload/upload\",\"method\":\"POST\"},{\"path\":\"/fileUploadAndDownload/deleteFile\",\"method\":\"POST\"},{\"path\":\"/fileUploadAndDownload/editFileName\",\"method\":\"POST\"},{\"path\":\"/fileUploadAndDownload/getFileList\",\"method\":\"POST\"},{\"path\":\"/system/getServerInfo\",\"method\":\"POST\"},{\"path\":\"/system/getSystemConfig\",\"method\":\"POST\"},{\"path\":\"/system/setSystemConfig\",\"method\":\"POST\"},{\"path\":\"/customer/customer\",\"method\":\"PUT\"},{\"path\":\"/customer/customer\",\"method\":\"POST\"},{\"path\":\"/customer/customer\",\"method\":\"DELETE\"},{\"path\":\"/customer/customer\",\"method\":\"GET\"},{\"path\":\"/customer/customerList\",\"method\":\"GET\"},{\"path\":\"/autoCode/getDB\",\"method\":\"GET\"},{\"path\":\"/autoCode/getTables\",\"method\":\"GET\"},{\"path\":\"/autoCode/createTemp\",\"method\":\"POST\"},{\"path\":\"/autoCode/preview\",\"method\":\"POST\"},{\"path\":\"/autoCode/getColumn\",\"method\":\"GET\"},{\"path\":\"/autoCode/createPlug\",\"method\":\"POST\"},{\"path\":\"/autoCode/installPlugin\",\"method\":\"POST\"},{\"path\":\"/autoCode/createPackage\",\"method\":\"POST\"},{\"path\":\"/autoCode/getPackage\",\"method\":\"POST\"},{\"path\":\"/autoCode/delPackage\",\"method\":\"POST\"},{\"path\":\"/autoCode/getMeta\",\"method\":\"POST\"},{\"path\":\"/autoCode/rollback\",\"method\":\"POST\"},{\"path\":\"/autoCode/getSysHistory\",\"method\":\"POST\"},{\"path\":\"/autoCode/delSysHistory\",\"method\":\"POST\"},{\"path\":\"/sysDictionaryDetail/updateSysDictionaryDetail\",\"method\":\"PUT\"},{\"path\":\"/sysDictionaryDetail/createSysDictionaryDetail\",\"method\":\"POST\"},{\"path\":\"/sysDictionaryDetail/deleteSysDictionaryDetail\",\"method\":\"DELETE\"},{\"path\":\"/sysDictionaryDetail/findSysDictionaryDetail\",\"method\":\"GET\"},{\"path\":\"/sysDictionaryDetail/getSysDictionaryDetailList\",\"method\":\"GET\"},{\"path\":\"/sysDictionary/createSysDictionary\",\"method\":\"POST\"},{\"path\":\"/sysDictionary/deleteSysDictionary\",\"method\":\"DELETE\"},{\"path\":\"/sysDictionary/updateSysDictionary\",\"method\":\"PUT\"},{\"path\":\"/sysDictionary/findSysDictionary\",\"method\":\"GET\"},{\"path\":\"/sysDictionary/getSysDictionaryList\",\"method\":\"GET\"},{\"path\":\"/sysOperationRecord/createSysOperationRecord\",\"method\":\"POST\"},{\"path\":\"/sysOperationRecord/findSysOperationRecord\",\"method\":\"GET\"},{\"path\":\"/sysOperationRecord/getSysOperationRecordList\",\"method\":\"GET\"},{\"path\":\"/sysOperationRecord/deleteSysOperationRecord\",\"method\":\"DELETE\"},{\"path\":\"/sysOperationRecord/deleteSysOperationRecordByIds\",\"method\":\"DELETE\"},{\"path\":\"/simpleUploader/upload\",\"method\":\"POST\"},{\"path\":\"/simpleUploader/checkFileMd5\",\"method\":\"GET\"},{\"path\":\"/simpleUploader/mergeFileMd5\",\"method\":\"GET\"},{\"path\":\"/email/emailTest\",\"method\":\"POST\"},{\"path\":\"/email/emailSend\",\"method\":\"POST\"},{\"path\":\"/authorityBtn/setAuthorityBtn\",\"method\":\"POST\"},{\"path\":\"/authorityBtn/getAuthorityBtn\",\"method\":\"POST\"},{\"path\":\"/authorityBtn/canRemoveAuthorityBtn\",\"method\":\"POST\"},{\"path\":\"/chatGpt/getTable\",\"method\":\"POST\"},{\"path\":\"/chatGpt/createSK\",\"method\":\"POST\"},{\"path\":\"/chatGpt/getSK\",\"method\":\"GET\"},{\"path\":\"/chatGpt/deleteSK\",\"method\":\"DELETE\"}]}', '{\"code\":0,\"data\":{},\"msg\":\"更新成功\"}', 1);
INSERT INTO `sys_operation_records` VALUES (35, '2023-05-30 20:26:51', '2023-05-30 20:26:51', NULL, '127.0.0.1', 'POST', '/menu/updateBaseMenu', 200, 3043300, 'Mozilla/5.0 (Windows NT 10.0; Win64; x64) AppleWebKit/537.36 (KHTML, like Gecko) Chrome/115.0.0.0 Safari/537.36', '', '{\"ID\":34,\"createdAt\":\"2023-05-30T20:09:28+08:00\",\"updatedAt\":\"2023-05-30T20:09:28+08:00\",\"parentId\":\"0\",\"path\":\"/video\",\"name\":\"/video\",\"hidden\":false,\"component\":\"view/video/index.vue\",\"sort\":3,\"meta\":{\"activeName\":\"\",\"keepAlive\":false,\"defaultMenu\":false,\"title\":\"视频管理\",\"icon\":\"video-camera-filled\",\"closeTab\":false},\"authoritys\":null,\"children\":null,\"parameters\":[],\"menuBtn\":[]}', '{\"code\":0,\"data\":{},\"msg\":\"更新成功\"}', 1);
INSERT INTO `sys_operation_records` VALUES (36, '2023-05-30 20:28:52', '2023-05-30 20:28:52', NULL, '127.0.0.1', 'POST', '/menu/updateBaseMenu', 200, 3996300, 'Mozilla/5.0 (Windows NT 10.0; Win64; x64) AppleWebKit/537.36 (KHTML, like Gecko) Chrome/115.0.0.0 Safari/537.36', '', '{\"ID\":37,\"createdAt\":\"2023-05-30T20:24:20+08:00\",\"updatedAt\":\"2023-05-30T20:24:20+08:00\",\"parentId\":\"34\",\"path\":\"videocomment\",\"name\":\"videocomment\",\"hidden\":false,\"component\":\"view/video/comment.vue\",\"sort\":3,\"meta\":{\"activeName\":\"\",\"keepAlive\":false,\"defaultMenu\":false,\"title\":\"视频评论\",\"icon\":\"aim\",\"closeTab\":false},\"authoritys\":null,\"children\":null,\"parameters\":[],\"menuBtn\":[]}', '{\"code\":0,\"data\":{},\"msg\":\"更新成功\"}', 1);
INSERT INTO `sys_operation_records` VALUES (37, '2023-05-30 20:32:42', '2023-05-30 20:32:42', NULL, '127.0.0.1', 'POST', '/menu/updateBaseMenu', 200, 3464100, 'Mozilla/5.0 (Windows NT 10.0; Win64; x64) AppleWebKit/537.36 (KHTML, like Gecko) Chrome/115.0.0.0 Safari/537.36', '', '{\"ID\":34,\"createdAt\":\"2023-05-30T20:09:28+08:00\",\"updatedAt\":\"2023-05-30T20:26:51+08:00\",\"parentId\":\"0\",\"path\":\"/video\",\"name\":\"/video\",\"hidden\":false,\"component\":\"view/routerHolder.vue\",\"sort\":3,\"meta\":{\"activeName\":\"\",\"keepAlive\":false,\"defaultMenu\":false,\"title\":\"视频管理\",\"icon\":\"video-camera-filled\",\"closeTab\":false},\"authoritys\":null,\"children\":null,\"parameters\":[],\"menuBtn\":[]}', '{\"code\":0,\"data\":{},\"msg\":\"更新成功\"}', 1);
INSERT INTO `sys_operation_records` VALUES (38, '2023-05-30 20:33:49', '2023-05-30 20:33:49', NULL, '127.0.0.1', 'POST', '/menu/updateBaseMenu', 200, 2210200, 'Mozilla/5.0 (Windows NT 10.0; Win64; x64) AppleWebKit/537.36 (KHTML, like Gecko) Chrome/115.0.0.0 Safari/537.36', '', '{\"ID\":34,\"createdAt\":\"2023-05-30T20:09:28+08:00\",\"updatedAt\":\"2023-05-30T20:32:42+08:00\",\"parentId\":\"0\",\"path\":\"/video\",\"name\":\"/video\",\"hidden\":false,\"component\":\"view/video/index.vue\",\"sort\":3,\"meta\":{\"activeName\":\"\",\"keepAlive\":false,\"defaultMenu\":false,\"title\":\"视频管理\",\"icon\":\"video-camera-filled\",\"closeTab\":false},\"authoritys\":null,\"children\":null,\"parameters\":[],\"menuBtn\":[]}', '{\"code\":0,\"data\":{},\"msg\":\"更新成功\"}', 1);
INSERT INTO `sys_operation_records` VALUES (39, '2023-05-30 21:16:36', '2023-05-30 21:16:36', NULL, '127.0.0.1', 'POST', '/menu/updateBaseMenu', 200, 3854700, 'Mozilla/5.0 (Windows NT 10.0; Win64; x64) AppleWebKit/537.36 (KHTML, like Gecko) Chrome/115.0.0.0 Safari/537.36', '', '{\"ID\":31,\"createdAt\":\"2023-05-29T08:23:42+08:00\",\"updatedAt\":\"2023-05-29T08:50:33+08:00\",\"parentId\":\"0\",\"path\":\"bbs\",\"name\":\"bbs\",\"hidden\":false,\"component\":\"view/bbs/index.vue\",\"sort\":2,\"meta\":{\"activeName\":\"\",\"keepAlive\":true,\"defaultMenu\":false,\"title\":\"帖子管理\",\"icon\":\"aim\",\"closeTab\":false},\"authoritys\":null,\"children\":null,\"parameters\":[],\"menuBtn\":[]}', '{\"code\":0,\"data\":{},\"msg\":\"更新成功\"}', 1);
INSERT INTO `sys_operation_records` VALUES (40, '2023-05-30 21:16:49', '2023-05-30 21:16:49', NULL, '127.0.0.1', 'POST', '/menu/updateBaseMenu', 200, 3459100, 'Mozilla/5.0 (Windows NT 10.0; Win64; x64) AppleWebKit/537.36 (KHTML, like Gecko) Chrome/115.0.0.0 Safari/537.36', '', '{\"ID\":33,\"createdAt\":\"2023-05-29T08:30:56+08:00\",\"updatedAt\":\"2023-05-29T08:50:41+08:00\",\"parentId\":\"31\",\"path\":\"category\",\"name\":\"category\",\"hidden\":false,\"component\":\"view/bbs/category/category.vue\",\"sort\":0,\"meta\":{\"activeName\":\"\",\"keepAlive\":true,\"defaultMenu\":false,\"title\":\"帖子分类\",\"icon\":\"calendar\",\"closeTab\":false},\"authoritys\":null,\"children\":null,\"parameters\":[],\"menuBtn\":[]}', '{\"code\":0,\"data\":{},\"msg\":\"更新成功\"}', 1);
INSERT INTO `sys_operation_records` VALUES (41, '2023-06-04 21:54:09', '2023-06-04 21:54:09', NULL, '127.0.0.1', 'POST', '/menu/updateBaseMenu', 200, 5105700, 'Mozilla/5.0 (Windows NT 10.0; Win64; x64) AppleWebKit/537.36 (KHTML, like Gecko) Chrome/113.0.0.0 Safari/537.36', '', '{\"ID\":36,\"createdAt\":\"2023-05-30T20:23:52+08:00\",\"updatedAt\":\"2023-05-30T20:23:52+08:00\",\"parentId\":\"34\",\"path\":\"videocategory\",\"name\":\"videocategory\",\"hidden\":false,\"component\":\"view/video/category.vue\",\"sort\":2,\"meta\":{\"activeName\":\"\",\"keepAlive\":false,\"defaultMenu\":false,\"title\":\"视频分类\",\"icon\":\"aim\",\"closeTab\":false},\"authoritys\":null,\"children\":null,\"parameters\":[],\"menuBtn\":[]}', '{\"code\":0,\"data\":{},\"msg\":\"更新成功\"}', 1);
INSERT INTO `sys_operation_records` VALUES (42, '2023-06-04 22:10:57', '2023-06-04 22:10:57', NULL, '127.0.0.1', 'POST', '/menu/updateBaseMenu', 200, 5708000, 'Mozilla/5.0 (Windows NT 10.0; Win64; x64) AppleWebKit/537.36 (KHTML, like Gecko) Chrome/113.0.0.0 Safari/537.36', '', '{\"ID\":36,\"createdAt\":\"2023-05-30T20:23:52+08:00\",\"updatedAt\":\"2023-06-04T21:54:09+08:00\",\"parentId\":\"34\",\"path\":\"videocategory\",\"name\":\"videocategory\",\"hidden\":false,\"component\":\"view/video/category.vue\",\"sort\":2,\"meta\":{\"activeName\":\"\",\"keepAlive\":false,\"defaultMenu\":false,\"title\":\"视频分类\",\"icon\":\"aim\",\"closeTab\":false},\"authoritys\":null,\"children\":null,\"parameters\":[],\"menuBtn\":[]}', '{\"code\":0,\"data\":{},\"msg\":\"更新成功\"}', 1);

-- ----------------------------
-- Table structure for sys_user_authority
-- ----------------------------
DROP TABLE IF EXISTS `sys_user_authority`;
CREATE TABLE `sys_user_authority`  (
  `sys_user_id` bigint(20) UNSIGNED NOT NULL COMMENT '主键ID',
  `sys_authority_authority_id` bigint(20) UNSIGNED NOT NULL COMMENT '角色ID',
  PRIMARY KEY (`sys_user_id`, `sys_authority_authority_id`) USING BTREE
) ENGINE = InnoDB CHARACTER SET = utf8mb4 COLLATE = utf8mb4_unicode_ci ROW_FORMAT = Dynamic;

-- ----------------------------
-- Records of sys_user_authority
-- ----------------------------
INSERT INTO `sys_user_authority` VALUES (1, 888);
INSERT INTO `sys_user_authority` VALUES (1, 8881);
INSERT INTO `sys_user_authority` VALUES (1, 9528);
INSERT INTO `sys_user_authority` VALUES (2, 888);

-- ----------------------------
-- Table structure for sys_users
-- ----------------------------
DROP TABLE IF EXISTS `sys_users`;
CREATE TABLE `sys_users`  (
  `id` bigint(20) UNSIGNED NOT NULL AUTO_INCREMENT COMMENT '主键ID',
  `created_at` datetime(0) NULL DEFAULT NULL COMMENT '创建时间',
  `updated_at` datetime(0) NULL DEFAULT NULL COMMENT '更新时间',
  `deleted_at` datetime(3) NULL DEFAULT NULL COMMENT '删除时间',
  `uuid` varchar(191) CHARACTER SET utf8mb4 COLLATE utf8mb4_unicode_ci NULL DEFAULT NULL COMMENT '用户UUID',
  `username` varchar(191) CHARACTER SET utf8mb4 COLLATE utf8mb4_unicode_ci NULL DEFAULT NULL COMMENT '用户登录名',
  `password` varchar(191) CHARACTER SET utf8mb4 COLLATE utf8mb4_unicode_ci NULL DEFAULT NULL COMMENT '用户登录密码',
  `nick_name` varchar(191) CHARACTER SET utf8mb4 COLLATE utf8mb4_unicode_ci NULL DEFAULT '系统用户' COMMENT '用户昵称',
  `side_mode` varchar(191) CHARACTER SET utf8mb4 COLLATE utf8mb4_unicode_ci NULL DEFAULT 'dark' COMMENT '用户侧边主题',
  `header_img` varchar(191) CHARACTER SET utf8mb4 COLLATE utf8mb4_unicode_ci NULL DEFAULT 'https://qmplusimg.henrongyi.top/gva_header.jpg' COMMENT '用户头像',
  `base_color` varchar(191) CHARACTER SET utf8mb4 COLLATE utf8mb4_unicode_ci NULL DEFAULT '#fff' COMMENT '基础颜色',
  `active_color` varchar(191) CHARACTER SET utf8mb4 COLLATE utf8mb4_unicode_ci NULL DEFAULT '#1890ff' COMMENT '活跃颜色',
  `authority_id` bigint(20) UNSIGNED NULL DEFAULT 888 COMMENT '用户角色ID',
  `phone` varchar(191) CHARACTER SET utf8mb4 COLLATE utf8mb4_unicode_ci NULL DEFAULT NULL COMMENT '用户手机号',
  `email` varchar(191) CHARACTER SET utf8mb4 COLLATE utf8mb4_unicode_ci NULL DEFAULT NULL COMMENT '用户邮箱',
  `enable` bigint(20) NULL DEFAULT 1 COMMENT '用户是否被冻结 1正常 2冻结',
  PRIMARY KEY (`id`) USING BTREE,
  INDEX `idx_sys_users_deleted_at`(`deleted_at`) USING BTREE,
  INDEX `idx_sys_users_uuid`(`uuid`) USING BTREE,
  INDEX `idx_sys_users_username`(`username`) USING BTREE
) ENGINE = InnoDB AUTO_INCREMENT = 3 CHARACTER SET = utf8mb4 COLLATE = utf8mb4_unicode_ci ROW_FORMAT = Dynamic;

-- ----------------------------
-- Records of sys_users
-- ----------------------------
INSERT INTO `sys_users` VALUES (1, '2023-05-29 08:20:03', '2023-05-29 08:20:03', NULL, '450ba37a-a1f8-4a6d-93b8-3a3a275e4def', 'admin', '$2a$10$NXtxSZ21SYHbtIND3hzluOSGvZB1gZyGThWxOLr1B5sQ8fJxLMHCC', 'Mr.奇淼', 'dark', 'https://qmplusimg.henrongyi.top/gva_header.jpg', '#fff', '#1890ff', 888, '17611111111', '333333333@qq.com', 1);
INSERT INTO `sys_users` VALUES (2, '2023-05-29 08:20:03', '2023-05-29 08:20:03', NULL, 'b26761a5-5c73-41a2-ba54-9f0d2fe742ea', 'a303176530', '$2a$10$EGT8cChp/1BYxcmv45VUk.4XNMAt/NWMZJnIy1PNK4Hnky0tRQwqa', '用户1', 'dark', 'https:///qmplusimg.henrongyi.top/1572075907logo.png', '#fff', '#1890ff', 9528, '17611111111', '333333333@qq.com', 1);

-- ----------------------------
-- Table structure for xk_bbs
-- ----------------------------
DROP TABLE IF EXISTS `xk_bbs`;
CREATE TABLE `xk_bbs`  (
  `id` bigint(20) UNSIGNED NOT NULL AUTO_INCREMENT COMMENT '主键ID',
  `created_at` datetime(0) NULL DEFAULT NULL COMMENT '创建时间',
  `updated_at` datetime(0) NULL DEFAULT NULL COMMENT '更新时间',
  `deleted_at` datetime(3) NULL DEFAULT NULL COMMENT '删除时间',
  `title` varchar(191) CHARACTER SET utf8mb4 COLLATE utf8mb4_unicode_ci NOT NULL COMMENT '标题',
  `img` varchar(191) CHARACTER SET utf8mb4 COLLATE utf8mb4_unicode_ci NOT NULL DEFAULT '' COMMENT '封面图',
  `description` varchar(191) CHARACTER SET utf8mb4 COLLATE utf8mb4_unicode_ci NOT NULL DEFAULT '' COMMENT '描述',
  `content` varchar(191) CHARACTER SET utf8mb4 COLLATE utf8mb4_unicode_ci NOT NULL DEFAULT '' COMMENT '文章内容--MD格式',
  `html_content` varchar(191) CHARACTER SET utf8mb4 COLLATE utf8mb4_unicode_ci NOT NULL DEFAULT '' COMMENT '文章内容--MD格式',
  `category_id` bigint(20) UNSIGNED NOT NULL DEFAULT 0 COMMENT '文章分类ID',
  `category_name` varchar(191) CHARACTER SET utf8mb4 COLLATE utf8mb4_unicode_ci NOT NULL DEFAULT '' COMMENT '文章分类名称',
  `view_count` tinyint(4) NOT NULL DEFAULT 0 COMMENT '文章阅读数',
  `comments` tinyint(4) NOT NULL DEFAULT 0 COMMENT '评论数',
  `comments_open` tinyint(4) NOT NULL DEFAULT 1 COMMENT '是否允许评论 0 不允许  1 允许',
  `status` tinyint(4) NOT NULL DEFAULT 1 COMMENT '0 未发布 1 发布',
  `is_delete` tinyint(4) NOT NULL DEFAULT 0 COMMENT '0 未删除 1 删除',
  `user_id` bigint(20) UNSIGNED NOT NULL COMMENT '文章作者ID',
  `username` varchar(191) CHARACTER SET utf8mb4 COLLATE utf8mb4_unicode_ci NOT NULL DEFAULT '' COMMENT '文章发布者用户名',
  `avatar` varchar(191) CHARACTER SET utf8mb4 COLLATE utf8mb4_unicode_ci NOT NULL DEFAULT '' COMMENT '文章发布者头像',
  PRIMARY KEY (`id`) USING BTREE,
  INDEX `idx_xk_bbs_deleted_at`(`deleted_at`) USING BTREE,
  INDEX `idx_xk_bbs_title`(`title`) USING BTREE
) ENGINE = InnoDB AUTO_INCREMENT = 37 CHARACTER SET = utf8mb4 COLLATE = utf8mb4_unicode_ci ROW_FORMAT = Dynamic;

-- ----------------------------
-- Records of xk_bbs
-- ----------------------------
INSERT INTO `xk_bbs` VALUES (1, '2023-06-03 20:30:26', '2023-06-03 20:30:26', NULL, '生命周期初始化数据加载', '', '1', '1', '1', 1, 'Java', 0, 0, 1, 1, 0, 1, 'feige', 'aaa.jpg');
INSERT INTO `xk_bbs` VALUES (2, '2023-06-04 20:30:26', '2023-06-03 20:30:26', NULL, '生命周期初始化数据加载', '', '2', '1', '1', 2, 'php', 0, 0, 1, 1, 0, 1, 'feige', 'aaa.jpg');
INSERT INTO `xk_bbs` VALUES (3, '2023-06-03 20:30:26', '2023-06-03 20:30:26', NULL, '生命周期初始化数据加载', '', '3', '1', '1', 3, 'js', 0, 0, 1, 1, 0, 1, 'feige', 'aaa.jpg');
INSERT INTO `xk_bbs` VALUES (4, '2023-06-03 20:30:26', '2023-06-03 20:30:26', NULL, '生命周期初始化数据加载', '', '4', '1', '1', 4, 'go', 0, 0, 1, 1, 0, 1, 'feige', 'aaa.jpg');
INSERT INTO `xk_bbs` VALUES (5, '2023-06-03 20:30:26', '2023-06-03 20:30:26', NULL, '生命周期初始化数据加载', '', '5', '1', '1', 1, 'Java', 0, 0, 1, 1, 0, 1, 'feige', 'aaa.jpg');
INSERT INTO `xk_bbs` VALUES (6, '2023-06-03 20:30:26', '2023-06-03 20:30:26', NULL, '生命周期初始化数据加载', '', '6', '1', '1', 2, 'php', 0, 0, 1, 1, 0, 1, 'feige', 'aaa.jpg');
INSERT INTO `xk_bbs` VALUES (7, '2023-06-03 20:30:26', '2023-06-03 20:30:26', NULL, '生命周期初始化数据加载', '', '7', '1', '1', 3, 'js', 0, 0, 1, 1, 0, 1, 'feige', 'aaa.jpg');
INSERT INTO `xk_bbs` VALUES (8, '2023-06-03 20:30:26', '2023-06-03 20:30:26', NULL, '生命周期初始化数据加载', '', '8', '1', '1', 4, 'go', 0, 0, 1, 1, 0, 1, 'feige', 'aaa.jpg');
INSERT INTO `xk_bbs` VALUES (9, '2023-06-03 20:30:26', '2023-06-03 20:30:26', NULL, '生命周期初始化数据加载', '', '9', '1', '1', 1, 'Java', 0, 0, 1, 1, 0, 1, 'feige', 'aaa.jpg');
INSERT INTO `xk_bbs` VALUES (10, '2023-06-03 20:30:26', '2023-06-03 20:30:26', NULL, '生命周期初始化数据加载', '', '10', '1', '1', 2, 'php', 0, 0, 1, 1, 0, 1, 'feige', 'aaa.jpg');
INSERT INTO `xk_bbs` VALUES (11, '2023-06-03 20:30:26', '2023-06-03 20:30:26', NULL, '生命周期初始化数据加载', '', '11', '1', '1', 3, 'js', 0, 0, 1, 1, 0, 1, 'feige', 'aaa.jpg');
INSERT INTO `xk_bbs` VALUES (12, '2023-06-03 20:30:26', '2023-06-03 20:30:26', NULL, '生命周期初始化数据加载', '', '12', '1', '1', 4, 'go', 0, 0, 1, 1, 0, 1, 'feige', 'aaa.jpg');
INSERT INTO `xk_bbs` VALUES (13, '2023-06-03 20:30:26', '2023-06-03 20:30:26', NULL, '生命周期初始化数据加载', '', '13', '1', '1', 1, 'Java', 0, 0, 1, 1, 0, 1, 'feige', 'aaa.jpg');
INSERT INTO `xk_bbs` VALUES (14, '2023-06-03 20:30:26', '2023-06-03 20:30:26', NULL, '生命周期初始化数据加载', '', '14', '1', '1', 2, 'php', 0, 0, 1, 1, 0, 1, 'feige', 'aaa.jpg');
INSERT INTO `xk_bbs` VALUES (15, '2023-06-03 20:30:26', '2023-06-03 20:30:26', NULL, '生命周期初始化数据加载', '', '15', '1', '1', 3, 'js', 0, 0, 1, 1, 0, 1, 'feige', 'aaa.jpg');
INSERT INTO `xk_bbs` VALUES (16, '2023-06-03 20:30:26', '2023-06-03 20:30:26', NULL, '生命周期初始化数据加载', '', '16', '1', '1', 4, 'go', 0, 0, 1, 1, 0, 1, 'feige', 'aaa.jpg');
INSERT INTO `xk_bbs` VALUES (17, '2023-06-03 20:30:26', '2023-06-03 20:30:26', NULL, '生命周期初始化数据加载', '', '17', '1', '1', 1, 'java', 0, 0, 1, 1, 0, 1, 'feige', 'aaa.jpg');
INSERT INTO `xk_bbs` VALUES (18, '2023-06-03 20:30:26', '2023-06-03 20:30:26', NULL, '生命周期初始化数据加载', '', '18', '1', '1', 1, 'Java', 0, 0, 1, 1, 0, 1, 'feige', 'aaa.jpg');
INSERT INTO `xk_bbs` VALUES (19, '2023-06-03 20:30:26', '2023-06-03 20:30:26', NULL, '生命周期初始化数据加载', '', '19', '1', '1', 2, 'php', 0, 0, 1, 1, 0, 1, 'feige', 'aaa.jpg');
INSERT INTO `xk_bbs` VALUES (20, '2023-06-03 20:30:26', '2023-06-03 20:30:26', NULL, '生命周期初始化数据加载', '', '20', '1', '1', 3, 'js', 0, 0, 1, 1, 0, 1, 'feige', 'aaa.jpg');
INSERT INTO `xk_bbs` VALUES (21, '2023-06-03 20:30:26', '2023-06-03 20:30:26', NULL, '生命周期初始化数据加载', '', '21', '1', '1', 4, 'go', 0, 0, 1, 1, 0, 1, 'feige', 'aaa.jpg');
INSERT INTO `xk_bbs` VALUES (22, '2023-06-03 20:30:26', '2023-06-03 20:30:26', NULL, '生命周期初始化数据加载', '', '22', '1', '1', 1, 'Java', 0, 0, 1, 1, 0, 1, 'feige', 'aaa.jpg');
INSERT INTO `xk_bbs` VALUES (23, '2023-06-03 20:30:26', '2023-06-03 20:30:26', NULL, '生命周期初始化数据加载', '', '23', '1', '1', 2, 'php', 0, 0, 1, 1, 0, 1, 'feige', 'aaa.jpg');
INSERT INTO `xk_bbs` VALUES (24, '2023-06-03 20:30:26', '2023-06-03 20:30:26', NULL, '生命周期初始化数据加载', '', '24', '1', '1', 3, 'js', 0, 0, 1, 1, 0, 1, 'feige', 'aaa.jpg');
INSERT INTO `xk_bbs` VALUES (25, '2023-06-03 20:30:26', '2023-06-03 20:30:26', NULL, '生命周期初始化数据加载', '', '25', '1', '1', 4, 'go', 0, 0, 1, 1, 0, 1, 'feige', 'aaa.jpg');
INSERT INTO `xk_bbs` VALUES (26, '2023-06-03 20:30:26', '2023-06-03 20:30:26', NULL, '生命周期初始化数据加载', '', '26', '1', '1', 1, 'Java', 0, 0, 1, 1, 0, 1, 'feige', 'aaa.jpg');
INSERT INTO `xk_bbs` VALUES (27, '2023-06-03 20:30:26', '2023-06-03 20:30:26', NULL, '生命周期初始化数据加载', '', '27', '1', '1', 2, 'php', 0, 0, 1, 1, 0, 1, 'feige', 'aaa.jpg');
INSERT INTO `xk_bbs` VALUES (28, '2023-06-03 20:30:26', '2023-06-03 20:30:26', NULL, '生命周期初始化数据加载', '', '28', '1', '1', 3, 'js', 0, 0, 1, 1, 0, 1, 'feige', 'aaa.jpg');
INSERT INTO `xk_bbs` VALUES (29, '2023-06-03 20:30:26', '2023-06-03 20:30:26', NULL, '生命周期初始化数据加载', '', '29', '1', '1', 4, 'go', 0, 0, 1, 1, 0, 1, 'feige', 'aaa.jpg');
INSERT INTO `xk_bbs` VALUES (30, '2023-06-03 20:30:26', '2023-06-03 20:30:26', NULL, '生命周期初始化数据加载', '', '30', '1', '1', 1, 'Java', 0, 0, 1, 1, 0, 1, 'feige', 'aaa.jpg');
INSERT INTO `xk_bbs` VALUES (31, '2023-06-03 20:30:26', '2023-06-03 20:30:26', NULL, '生命周期初始化数据加载', '', '31', '1', '1', 2, 'php', 0, 0, 1, 1, 0, 1, 'feige', 'aaa.jpg');
INSERT INTO `xk_bbs` VALUES (32, '2023-06-03 20:30:26', '2023-06-03 20:30:26', NULL, '生命周期初始化数据加载', '', '32', '1', '1', 3, 'js', 0, 0, 1, 1, 0, 1, 'feige', 'aaa.jpg');
INSERT INTO `xk_bbs` VALUES (33, '2023-06-03 20:30:26', '2023-06-03 20:30:26', NULL, '生命周期初始化数据加载', '', '33', '1', '1', 4, 'go', 0, 0, 1, 1, 0, 1, 'feige', 'aaa.jpg');
INSERT INTO `xk_bbs` VALUES (34, '2023-06-03 20:30:26', '2023-06-03 20:30:26', NULL, '生命周期初始化数据加载', '', '34', '1', '1', 1, 'java', 0, 0, 1, 1, 0, 1, 'feige', 'aaa.jpg');
INSERT INTO `xk_bbs` VALUES (35, '2023-06-03 20:30:26', '2023-06-03 20:30:26', NULL, '生命周期初始化数据加载', '', '35', '1', '1', 1, 'java', 0, 0, 1, 1, 0, 1, 'feige', 'aaa.jpg');
INSERT INTO `xk_bbs` VALUES (36, '2023-06-03 20:30:26', '2023-06-03 20:30:26', NULL, '生命周期初始化数据加载', '', '36', '1', '1', 1, 'java', 0, 0, 1, 1, 0, 1, 'feige', 'aaa.jpg');

-- ----------------------------
-- Table structure for xk_bbs_category
-- ----------------------------
DROP TABLE IF EXISTS `xk_bbs_category`;
CREATE TABLE `xk_bbs_category`  (
  `id` bigint(20) UNSIGNED NOT NULL AUTO_INCREMENT COMMENT '主键ID',
  `created_at` datetime(0) NULL DEFAULT NULL COMMENT '创建时间',
  `updated_at` datetime(0) NULL DEFAULT NULL COMMENT '更新时间',
  `deleted_at` datetime(3) NULL DEFAULT NULL COMMENT '删除时间',
  `title` varchar(100) CHARACTER SET utf8mb4 COLLATE utf8mb4_unicode_ci NOT NULL DEFAULT '' COMMENT '分类名称',
  `description` varchar(400) CHARACTER SET utf8mb4 COLLATE utf8mb4_unicode_ci NOT NULL DEFAULT '' COMMENT '描述',
  `parent_id` bigint(20) UNSIGNED NOT NULL DEFAULT 0 COMMENT '父ID',
  `sorted` int(11) NOT NULL DEFAULT 1 COMMENT '排序',
  `status` tinyint(4) NOT NULL DEFAULT 1 COMMENT '0 未发布 1 发布',
  `is_delete` tinyint(4) NOT NULL DEFAULT 0 COMMENT '0 未删除 1 删除',
  PRIMARY KEY (`id`) USING BTREE,
  INDEX `idx_xk_bbs_category_deleted_at`(`deleted_at`) USING BTREE
) ENGINE = InnoDB AUTO_INCREMENT = 21 CHARACTER SET = utf8mb4 COLLATE = utf8mb4_unicode_ci ROW_FORMAT = Dynamic;

-- ----------------------------
-- Records of xk_bbs_category
-- ----------------------------
INSERT INTO `xk_bbs_category` VALUES (1, '2023-05-30 20:39:05', '2023-05-30 20:39:05', NULL, 'Java', 'Java', 0, 11, 1, 0);
INSERT INTO `xk_bbs_category` VALUES (2, '2023-05-30 22:13:52', '2023-06-04 22:24:17', NULL, 'php3333333', '2342342', 0, 1, 1, 0);
INSERT INTO `xk_bbs_category` VALUES (3, '2023-05-30 22:15:22', '2023-06-04 22:24:44', NULL, 'js234234234', '234234234', 0, 1, 1, 0);
INSERT INTO `xk_bbs_category` VALUES (4, '2023-05-30 22:16:49', '2023-05-30 22:16:49', NULL, 'go', '2222', 0, 1, 1, 0);
INSERT INTO `xk_bbs_category` VALUES (19, '2023-06-04 00:58:26', '2023-06-04 00:58:26', NULL, '23423', '4234234', 0, 3, 1, 0);
INSERT INTO `xk_bbs_category` VALUES (20, '2023-06-04 00:58:32', '2023-06-04 00:58:32', NULL, '234', '234', 0, 1, 1, 0);

-- ----------------------------
-- Table structure for xk_video_category
-- ----------------------------
DROP TABLE IF EXISTS `xk_video_category`;
CREATE TABLE `xk_video_category`  (
  `id` bigint(20) UNSIGNED NOT NULL AUTO_INCREMENT COMMENT '主键ID',
  `category_name` varchar(191) CHARACTER SET utf8mb4 COLLATE utf8mb4_general_ci NOT NULL DEFAULT '' COMMENT '分类名称',
  `description` varchar(191) CHARACTER SET utf8mb4 COLLATE utf8mb4_general_ci NOT NULL DEFAULT '' COMMENT '分类描述',
  `create_time` datetime(0) NULL DEFAULT NULL COMMENT '创建时间',
  `updated_time` datetime(0) NULL DEFAULT NULL COMMENT '更新时间',
  `status` tinyint(4) NOT NULL DEFAULT 1 COMMENT '0 未发布 1 发布',
  `sorted` tinyint(4) NOT NULL DEFAULT 1 COMMENT '0 排序',
  `is_delete` tinyint(4) NOT NULL DEFAULT 0 COMMENT '0 未删除 1 删除',
  `parent_id` bigint(20) UNSIGNED NOT NULL DEFAULT 0 COMMENT '分类的主ID',
  PRIMARY KEY (`id`) USING BTREE
) ENGINE = InnoDB AUTO_INCREMENT = 11 CHARACTER SET = utf8mb4 COLLATE = utf8mb4_general_ci ROW_FORMAT = Dynamic;

-- ----------------------------
-- Records of xk_video_category
-- ----------------------------
INSERT INTO `xk_video_category` VALUES (1, 'Java', 'Java', '2023-06-04 20:59:19', '2023-06-04 20:59:19', 1, 1, 0, 0);
INSERT INTO `xk_video_category` VALUES (2, 'Go', 'Go', '2023-06-04 20:59:19', '2023-06-04 20:59:19', 1, 1, 0, 0);
INSERT INTO `xk_video_category` VALUES (3, 'Javascript', 'Javascript', '2023-06-04 20:59:19', '2023-06-04 20:59:19', 1, 1, 0, 0);
INSERT INTO `xk_video_category` VALUES (4, 'Spring', 'Spring', '2023-06-04 20:59:19', '2023-06-04 20:59:19', 1, 1, 0, 1);
INSERT INTO `xk_video_category` VALUES (5, 'SpringBoot', 'SpringBoot', '2023-06-04 20:59:19', '2023-06-04 20:59:19', 1, 1, 0, 1);
INSERT INTO `xk_video_category` VALUES (6, 'Gin', 'Gin', '2023-06-04 20:59:19', '2023-06-04 20:59:19', 1, 1, 0, 2);
INSERT INTO `xk_video_category` VALUES (7, 'Beego', 'Beego', '2023-06-04 20:59:19', '2023-06-04 20:59:19', 1, 1, 0, 2);
INSERT INTO `xk_video_category` VALUES (8, 'XOrm', 'XOrm', '2023-06-04 20:59:19', '2023-06-04 20:59:19', 1, 1, 0, 2);
INSERT INTO `xk_video_category` VALUES (9, 'Gorm', 'Gorm', '2023-06-04 20:59:19', '2023-06-04 20:59:19', 1, 1, 0, 2);
INSERT INTO `xk_video_category` VALUES (10, 'GVA', 'GVA', '2023-06-04 20:59:19', '2023-06-04 20:59:19', 1, 1, 0, 2);

SET FOREIGN_KEY_CHECKS = 1;
